4;4;288,5309;0;4;5;2149;4;3;1930;4;2;1643;4;1;1424;0;7;2444
4;5;284,668;87,73804;0;6;2444;4;4;2149;4;3;1930;4;2;1643;4;1;1444
0;6;285,4117;1,430511;0;7;1444;4;5;2444;4;4;2149;4;3;1930;4;2;2431
0;7;288,5392;0;4;1;2431;0;6;1444;4;5;2444;4;4;2149;4;3;2755
4;1;291,9355;0;6;2;2755;0;7;2431;0;6;1444;4;5;2444;4;4;1888
6;2;290,0906;3,33786;7;3;1888;4;1;2755;0;7;2431;0;6;1444;4;5;2192
7;3;287,4649;23,36502;7;4;2192;6;2;1888;4;1;2755;0;7;2431;0;6;2142
7;4;289,3981;0;7;5;2142;7;3;2192;6;2;1888;4;1;2755;0;7;2282
7;5;291,5356;1017,57;0;6;2282;7;4;2142;7;3;2192;6;2;1888;4;1;2252
0;6;284,7526;207,901;0;7;2252;7;5;2282;7;4;2142;7;3;2192;6;2;999
0;7;287,9835;176,4297;7;1;999;0;6;2252;7;5;2282;7;4;2142;7;3;1818
7;1;280,9324;533,1039;7;2;1818;0;7;999;0;6;2252;7;5;2282;7;4;1899
7;2;282,6492;2010,345;7;3;1899;7;1;1818;0;7;999;0;6;2252;7;5;1850
7;3;285,0101;17,16614;7;4;1850;7;2;1899;7;1;1818;0;7;999;0;6;1763
7;4;286,3452;67,23404;7;5;1763;7;3;1850;7;2;1899;7;1;1818;0;7;1666
7;5;286,0962;39,57748;0;6;1666;7;4;1763;7;3;1850;7;2;1899;7;1;1799
0;6;288,9981;37,1933;0;7;1799;7;5;1666;7;4;1763;7;3;1850;7;2;2407
0;7;290,8145;1,907349;7;1;2407;0;6;1799;7;5;1666;7;4;1763;7;3;1775
7;1;289,2681;2,384186;7;2;1775;0;7;2407;0;6;1799;7;5;1666;7;4;1882
7;2;291,8666;0;7;3;1882;7;1;1775;0;7;2407;0;6;1799;7;5;1906
7;3;296,131;0;7;4;1906;7;2;1882;7;1;1775;0;7;2407;0;6;1954
7;4;295,2299;0;7;5;1954;7;3;1906;7;2;1882;7;1;1775;0;7;1985
7;5;292,9622;0;0;6;1985;7;4;1954;7;3;1906;7;2;1882;7;1;1900
0;6;292,4304;0;0;7;1900;7;5;1985;7;4;1954;7;3;1906;7;2;2411
0;7;295,3588;0;7;1;2411;0;6;1900;7;5;1985;7;4;1954;7;3;2434
7;1;295,628;0;7;2;2434;0;7;2411;0;6;1900;7;5;1985;7;4;2137
7;2;298,0177;22,41135;7;3;2137;7;1;2434;0;7;2411;0;6;1900;7;5;2173
7;3;299,6421;1,907349;7;4;2173;7;2;2137;7;1;2434;0;7;2411;0;6;2211
7;4;297,4518;0;7;5;2211;7;3;2173;7;2;2137;7;1;2434;0;7;2273
7;5;297,0408;0;0;6;2273;7;4;2211;7;3;2173;7;2;2137;7;1;2246
0;6;291,282;0;0;7;2246;7;5;2273;7;4;2211;7;3;2173;7;2;2192
0;7;285,8964;92,02957;2;1;2192;0;6;2246;7;5;2273;7;4;2211;7;3;2219
2;1;285,9853;163,0783;1;2;2219;0;7;2192;0;6;2246;7;5;2273;7;4;1454
1;2;286,9539;33,3786;1;3;1454;2;1;2219;0;7;2192;0;6;2246;7;5;1308
1;3;290,2955;0;7;4;1308;1;2;1454;2;1;2219;0;7;2192;0;6;2929
7;4;292,4702;73,43292;7;5;2929;1;3;1308;1;2;1454;2;1;2219;0;7;534
7;5;291,8438;0;0;6;534;7;4;2929;1;3;1308;1;2;1454;2;1;1183
0;6;295,4576;0;0;7;1183;7;5;534;7;4;2929;1;3;1308;1;2;2413
0;7;295,7212;0;7;1;2413;0;6;1183;7;5;534;7;4;2929;1;3;2622
7;1;296,2344;2,861023;7;2;2622;0;7;2413;0;6;1183;7;5;534;7;4;1936
7;2;298,4052;11,44409;3;3;1936;7;1;2622;0;7;2413;0;6;1183;7;5;1738
3;3;297,7997;44,82269;7;4;1738;7;2;1936;7;1;2622;0;7;2413;0;6;1978
7;4;295,3836;17,16614;7;5;1978;3;3;1738;7;2;1936;7;1;2622;0;7;2137
7;5;296,7329;6,67572;0;6;2137;7;4;1978;3;3;1738;7;2;1936;7;1;2082
0;6;293,5985;0,9536743;0;7;2082;7;5;2137;7;4;1978;3;3;1738;7;2;2545
0;7;290,38;0;7;1;2545;0;6;2082;7;5;2137;7;4;1978;3;3;2424
7;1;291,4833;15,73563;7;2;2424;0;7;2545;0;6;2082;7;5;2137;7;4;896
7;2;294,1034;0;7;3;896;7;1;2424;0;7;2545;0;6;2082;7;5;2071
7;3;296,4569;0;7;4;2071;7;2;896;7;1;2424;0;7;2545;0;6;886
7;4;296,4713;4,291534;7;5;886;7;3;2071;7;2;896;7;1;2424;0;7;611
7;5;294,475;27,17972;0;6;611;7;4;886;7;3;2071;7;2;896;7;1;444
0;6;296,3012;8,583069;0;7;444;7;5;611;7;4;886;7;3;2071;7;2;2438
0;7;293,2852;5,722046;7;1;2438;0;6;444;7;5;611;7;4;886;7;3;2471
7;1;295,7354;19,07349;7;2;2471;0;7;2438;0;6;444;7;5;611;7;4;1370
7;2;296,8356;19,07349;7;3;1370;7;1;2471;0;7;2438;0;6;444;7;5;1467
7;3;299,0585;16,21246;7;4;1467;7;2;1370;7;1;2471;0;7;2438;0;6;1638
7;4;298,5972;50,54474;7;5;1638;7;3;1467;7;2;1370;7;1;2471;0;7;1877
7;5;292,0819;320,4346;0;6;1877;7;4;1638;7;3;1467;7;2;1370;7;1;1765
0;6;294,4743;32,42493;0;7;1765;7;5;1877;7;4;1638;7;3;1467;7;2;1623
0;7;297,2961;21,93451;7;1;1623;0;6;1765;7;5;1877;7;4;1638;7;3;1674
7;1;293,8914;337,6007;7;2;1674;0;7;1623;0;6;1765;7;5;1877;7;4;1715
7;2;293,0847;117,7788;7;3;1715;7;1;1674;0;7;1623;0;6;1765;7;5;1731
7;3;291,9536;59,12781;7;4;1731;7;2;1715;7;1;1674;0;7;1623;0;6;1702
7;4;295,182;0;7;5;1702;7;3;1731;7;2;1715;7;1;1674;0;7;1689
7;5;296,3229;30,51758;0;6;1689;7;4;1702;7;3;1731;7;2;1715;7;1;1702
0;6;295,2977;9,536743;0;7;1702;7;5;1689;7;4;1702;7;3;1731;7;2;1708
0;7;296,0065;13,35144;7;1;1708;0;6;1702;7;5;1689;7;4;1702;7;3;1706
7;1;291,7416;31,47125;7;2;1706;0;7;1708;0;6;1702;7;5;1689;7;4;1701
7;2;292,129;17,16614;7;3;1701;7;1;1706;0;7;1708;0;6;1702;7;5;1701
7;3;292,6414;97,27478;7;4;1701;7;2;1701;7;1;1706;0;7;1708;0;6;1704
7;4;297,1148;0;7;5;1704;7;3;1701;7;2;1701;7;1;1706;0;7;1704
7;5;293,4859;64,84985;0;6;1704;7;4;1704;7;3;1701;7;2;1701;7;1;1703
0;6;294,2706;42,91534;0;7;1703;7;5;1704;7;4;1704;7;3;1701;7;2;1703
0;7;292,9948;59,12781;7;1;1703;0;6;1703;7;5;1704;7;4;1704;7;3;1703
7;1;293,3374;159,2636;7;2;1703;0;7;1703;0;6;1703;7;5;1704;7;4;1703
7;2;297,0245;46,2532;7;3;1703;7;1;1703;0;7;1703;0;6;1703;7;5;1703
7;3;297,7724;0;7;4;1703;7;2;1703;7;1;1703;0;7;1703;0;6;638
7;4;297,8017;0;7;5;638;7;3;1703;7;2;1703;7;1;1703;0;7;649
7;5;301,6404;0;0;6;649;7;4;638;7;3;1703;7;2;1703;7;1;707
0;6;303,3473;0;0;7;707;7;5;649;7;4;638;7;3;1703;7;2;1940
0;7;303,7709;0;7;1;1940;0;6;707;7;5;649;7;4;638;7;3;1762
7;1;303,7148;0;7;2;1762;0;7;1940;0;6;707;7;5;649;7;4;610
7;2;303,6337;0;3;3;610;7;1;1762;0;7;1940;0;6;707;7;5;701
3;3;304,5806;0;3;4;701;7;2;610;7;1;1762;0;7;1940;0;6;520
3;4;303,9069;0;5;5;520;3;3;701;7;2;610;7;1;1762;0;7;592
5;5;305,6097;0;0;6;592;3;4;520;3;3;701;7;2;610;7;1;669
0;6;307,0539;0;0;7;669;5;5;592;3;4;520;3;3;701;7;2;1188
0;7;307,6914;0;4;1;1188;0;6;669;5;5;592;3;4;520;3;3;1228
4;1;307,2145;0;4;2;1228;0;7;1188;0;6;669;5;5;592;3;4;601
4;2;305,4888;0;4;3;601;4;1;1228;0;7;1188;0;6;669;5;5;586
4;3;303,8832;0;4;4;586;4;2;601;4;1;1228;0;7;1188;0;6;762
4;4;303,7879;0;4;5;762;4;3;586;4;2;601;4;1;1228;0;7;831
4;5;303,1496;9,536743;0;6;831;4;4;762;4;3;586;4;2;601;4;1;886
0;6;299,058;1139,641;0;7;886;4;5;831;4;4;762;4;3;586;4;2;1583
0;7;299,7223;0;4;1;1583;0;6;886;4;5;831;4;4;762;4;3;1452
4;1;298,8979;0;4;2;1452;0;7;1583;0;6;886;4;5;831;4;4;799
4;2;301,1376;0;4;3;799;4;1;1452;0;7;1583;0;6;886;4;5;842
4;3;299,3467;0;7;4;842;4;2;799;4;1;1452;0;7;1583;0;6;1182
7;4;299,8518;0;7;5;1182;4;3;842;4;2;799;4;1;1452;0;7;956
7;5;302,9702;0;0;6;956;7;4;1182;4;3;842;4;2;799;4;1;847
0;6;304,7566;15,25879;0;7;847;7;5;956;7;4;1182;4;3;842;4;2;1395
0;7;305,4895;0;7;1;1395;0;6;847;7;5;956;7;4;1182;4;3;1441
7;1;306,8623;0;7;2;1441;0;7;1395;0;6;847;7;5;956;7;4;738
7;2;306,2264;0;7;3;738;7;1;1441;0;7;1395;0;6;847;7;5;765
7;3;304,7189;2,861023;7;4;765;7;2;738;7;1;1441;0;7;1395;0;6;835
7;4;304,1191;0;7;5;835;7;3;765;7;2;738;7;1;1441;0;7;935
7;5;304,4148;0;0;6;935;7;4;835;7;3;765;7;2;738;7;1;946
0;6;304,3306;0;0;7;946;7;5;935;7;4;835;7;3;765;7;2;1479
0;7;301,3777;0;7;1;1479;0;6;946;7;5;935;7;4;835;7;3;1424
7;1;300,9646;0;7;2;1424;0;7;1479;0;6;946;7;5;935;7;4;937
7;2;304,6418;0;7;3;937;7;1;1424;0;7;1479;0;6;946;7;5;924
7;3;304,4675;0;7;4;924;7;2;937;7;1;1424;0;7;1479;0;6;983
7;4;304,4545;0;7;5;983;7;3;924;7;2;937;7;1;1424;0;7;854
7;5;303,98;0;0;6;854;7;4;983;7;3;924;7;2;937;7;1;1109
0;6;302,1165;0;0;7;1109;7;5;854;7;4;983;7;3;924;7;2;1951
0;7;302,7205;1,907349;7;1;1951;0;6;1109;7;5;854;7;4;983;7;3;1972
7;1;306,0479;0;7;2;1972;0;7;1951;0;6;1109;7;5;854;7;4;784
7;2;304,6024;0;7;3;784;7;1;1972;0;7;1951;0;6;1109;7;5;907
7;3;305,5047;0;7;4;907;7;2;784;7;1;1972;0;7;1951;0;6;998
7;4;305,6673;0;7;5;998;7;3;907;7;2;784;7;1;1972;0;7;870
7;5;306,0598;0;0;6;870;7;4;998;7;3;907;7;2;784;7;1;872
0;6;304,6656;0;0;7;872;7;5;870;7;4;998;7;3;907;7;2;1479
0;7;303,0266;0;7;1;1479;0;6;872;7;5;870;7;4;998;7;3;1652
7;1;305,151;0;7;2;1652;0;7;1479;0;6;872;7;5;870;7;4;882
7;2;306,287;0;7;3;882;7;1;1652;0;7;1479;0;6;872;7;5;787
7;3;308,4385;0;7;4;787;7;2;882;7;1;1652;0;7;1479;0;6;796
7;4;310,2951;0;7;5;796;7;3;787;7;2;882;7;1;1652;0;7;714
7;5;312,3455;0;0;6;714;7;4;796;7;3;787;7;2;882;7;1;675
0;6;309,9456;0;0;7;675;7;5;714;7;4;796;7;3;787;7;2;901
0;7;309,5283;0;7;1;901;0;6;675;7;5;714;7;4;796;7;3;1083
7;1;310,4158;0,4768372;7;2;1083;0;7;901;0;6;675;7;5;714;7;4;661
7;2;309,7901;0;7;3;661;7;1;1083;0;7;901;0;6;675;7;5;1121
7;3;306,3293;0;7;4;1121;7;2;661;7;1;1083;0;7;901;0;6;848
7;4;302,6353;0;7;5;848;7;3;1121;7;2;661;7;1;1083;0;7;1162
7;5;302,3414;1,907349;0;6;1162;7;4;848;7;3;1121;7;2;661;7;1;1142
0;6;304,4868;0;0;7;1142;7;5;1162;7;4;848;7;3;1121;7;2;1632
0;7;307,3807;0;7;1;1632;0;6;1142;7;5;1162;7;4;848;7;3;1586
7;1;304,8903;0;7;2;1586;0;7;1632;0;6;1142;7;5;1162;7;4;1011
7;2;304,5627;0;7;3;1011;7;1;1586;0;7;1632;0;6;1142;7;5;1035
7;3;305,3163;0;7;4;1035;7;2;1011;7;1;1586;0;7;1632;0;6;1816
7;4;304,0191;50,54474;7;5;1816;7;3;1035;7;2;1011;7;1;1586;0;7;1091
7;5;303,4545;0,4768372;0;6;1091;7;4;1816;7;3;1035;7;2;1011;7;1;1275
0;6;301,9588;0;0;7;1275;7;5;1091;7;4;1816;7;3;1035;7;2;1941
0;7;302,495;0;7;1;1941;0;6;1275;7;5;1091;7;4;1816;7;3;1803
7;1;304,4761;0;7;2;1803;0;7;1941;0;6;1275;7;5;1091;7;4;1030
7;2;305,7401;0;7;3;1030;7;1;1803;0;7;1941;0;6;1275;7;5;1293
7;3;305,1703;7,629395;7;4;1293;7;2;1030;7;1;1803;0;7;1941;0;6;1052
7;4;305,3047;24,79553;7;5;1052;7;3;1293;7;2;1030;7;1;1803;0;7;1225
7;5;305,5918;0;0;6;1225;7;4;1052;7;3;1293;7;2;1030;7;1;1117
0;6;304,9109;0;0;7;1117;7;5;1225;7;4;1052;7;3;1293;7;2;1844
0;7;303,6363;0;7;1;1844;0;6;1117;7;5;1225;7;4;1052;7;3;1932
7;1;307,0091;0;7;2;1932;0;7;1844;0;6;1117;7;5;1225;7;4;1078
7;2;306,1853;2,384186;7;3;1078;7;1;1932;0;7;1844;0;6;1117;7;5;1361
7;3;304,1152;0;7;4;1361;7;2;1078;7;1;1932;0;7;1844;0;6;1011
7;4;304,009;0;7;5;1011;7;3;1361;7;2;1078;7;1;1932;0;7;1011
7;5;305,3574;0;0;6;1011;7;4;1011;7;3;1361;7;2;1078;7;1;854
0;6;305,353;0;0;7;854;7;5;1011;7;4;1011;7;3;1361;7;2;1403
0;7;306,0209;0;4;1;1403;0;6;854;7;5;1011;7;4;1011;7;3;1419
4;1;305,0566;0;4;2;1419;0;7;1403;0;6;854;7;5;1011;7;4;758
4;2;302,2451;0;4;3;758;4;1;1419;0;7;1403;0;6;854;7;5;965
4;3;299,8623;2,384186;4;4;965;4;2;758;4;1;1419;0;7;1403;0;6;981
4;4;299,2192;0,4768372;3;5;981;4;3;965;4;2;758;4;1;1419;0;7;1065
3;5;300,8921;0;0;6;1065;4;4;981;4;3;965;4;2;758;4;1;1008
0;6;298,6617;74,3866;0;7;1008;3;5;1065;4;4;981;4;3;965;4;2;1481
0;7;299,7725;32,90176;3;1;1481;0;6;1008;3;5;1065;4;4;981;4;3;1829
3;1;300,1963;0;3;2;1829;0;7;1481;0;6;1008;3;5;1065;4;4;703
3;2;300,7693;18,59665;3;3;703;3;1;1829;0;7;1481;0;6;1008;3;5;638
3;3;300,0838;5,722046;3;4;638;3;2;703;3;1;1829;0;7;1481;0;6;626
3;4;304,5339;0;3;5;626;3;3;638;3;2;703;3;1;1829;0;7;648
3;5;303,4717;0;0;6;648;3;4;626;3;3;638;3;2;703;3;1;892
0;6;301,6785;6,198883;0;7;892;3;5;648;3;4;626;3;3;638;3;2;1840
0;7;301,3141;0,9536743;3;1;1840;0;6;892;3;5;648;3;4;626;3;3;1755
3;1;302,6454;4,291534;3;2;1755;0;7;1840;0;6;892;3;5;648;3;4;656
3;2;300,4323;33,85544;3;3;656;3;1;1755;0;7;1840;0;6;892;3;5;571
3;3;302,1373;0;3;4;571;3;2;656;3;1;1755;0;7;1840;0;6;647
3;4;303,7598;0;3;5;647;3;3;571;3;2;656;3;1;1755;0;7;607
3;5;303,7909;0;0;6;607;3;4;647;3;3;571;3;2;656;3;1;935
0;6;304,8694;0;0;7;935;3;5;607;3;4;647;3;3;571;3;2;2119
0;7;305,301;0;7;1;2119;0;6;935;3;5;607;3;4;647;3;3;2070
7;1;304,3295;0;7;2;2070;0;7;2119;0;6;935;3;5;607;3;4;663
7;2;301,7975;0;7;3;663;7;1;2070;0;7;2119;0;6;935;3;5;707
7;3;297,9032;82,49283;7;4;707;7;2;663;7;1;2070;0;7;2119;0;6;595
7;4;298,4534;0;7;5;595;7;3;707;7;2;663;7;1;2070;0;7;695
7;5;299,9015;0;0;6;695;7;4;595;7;3;707;7;2;663;7;1;884
0;6;300,5798;0;0;7;884;7;5;695;7;4;595;7;3;707;7;2;2362
0;7;301,5663;0;7;1;2362;0;6;884;7;5;695;7;4;595;7;3;2280
7;1;297,9456;0;7;2;2280;0;7;2362;0;6;884;7;5;695;7;4;630
7;2;296,3611;0;7;3;630;7;1;2280;0;7;2362;0;6;884;7;5;687
7;3;298,3593;0;7;4;687;7;2;630;7;1;2280;0;7;2362;0;6;537
7;4;299,5453;0;7;5;537;7;3;687;7;2;630;7;1;2280;0;7;686
7;5;298,6989;0;0;6;686;7;4;537;7;3;687;7;2;630;7;1;990
0;6;300,0313;0;0;7;990;7;5;686;7;4;537;7;3;687;7;2;2384
0;7;292,5153;0;7;1;2384;0;6;990;7;5;686;7;4;537;7;3;2069
7;1;292,6725;0;7;2;2069;0;7;2384;0;6;990;7;5;686;7;4;824
7;2;293,0741;0,9536743;7;3;824;7;1;2069;0;7;2384;0;6;990;7;5;608
7;3;292,3018;301,8379;7;4;608;7;2;824;7;1;2069;0;7;2384;0;6;280
7;4;293,9976;81,06232;1;5;280;7;3;608;7;2;824;7;1;2069;0;7;404
1;5;294,838;53,40576;0;6;404;7;4;280;7;3;608;7;2;824;7;1;1683
0;6;298,2071;0;0;7;1683;1;5;404;7;4;280;7;3;608;7;2;2874
0;7;290,2977;77,72446;7;1;2874;0;6;1683;1;5;404;7;4;280;7;3;1170
7;1;289,3628;0;7;2;1170;0;7;2874;0;6;1683;1;5;404;7;4;454
7;2;293,5922;0;7;3;454;7;1;1170;0;7;2874;0;6;1683;1;5;731
7;3;294,6754;0;7;4;731;7;2;454;7;1;1170;0;7;2874;0;6;793
7;4;295,4026;7,152557;7;5;793;7;3;731;7;2;454;7;1;1170;0;7;649
7;5;292,7706;360,4889;0;6;649;7;4;793;7;3;731;7;2;454;7;1;420
0;6;294,6944;156,4026;0;7;420;7;5;649;7;4;793;7;3;731;7;2;1845
0;7;294,8792;7,152557;7;1;1845;0;6;420;7;5;649;7;4;793;7;3;1858
7;1;295,9954;0;7;2;1858;0;7;1845;0;6;420;7;5;649;7;4;924
7;2;293,652;0;7;3;924;7;1;1858;0;7;1845;0;6;420;7;5;1039
7;3;294,9357;0;7;4;1039;7;2;924;7;1;1858;0;7;1845;0;6;915
7;4;295,7212;0;7;5;915;7;3;1039;7;2;924;7;1;1858;0;7;1059
7;5;292,5265;0;0;6;1059;7;4;915;7;3;1039;7;2;924;7;1;721
0;6;287,3545;540,7333;0;7;721;7;5;1059;7;4;915;7;3;1039;7;2;830
0;7;284,7281;55,31311;7;1;830;0;6;721;7;5;1059;7;4;915;7;3;1009
7;1;284,6695;174,5224;7;2;1009;0;7;830;0;6;721;7;5;1059;7;4;907
7;2;284,7116;1095,772;7;3;907;7;1;1009;0;7;830;0;6;721;7;5;128
7;3;287,1585;455,8563;1;4;128;7;2;907;7;1;1009;0;7;830;0;6;710
1;4;287,9977;0;2;5;710;7;3;128;7;2;907;7;1;1009;0;7;2430
2;5;291,9219;38,14697;0;6;2430;1;4;710;7;3;128;7;2;907;7;1;2086
0;6;288,8665;0;0;7;2086;2;5;2430;1;4;710;7;3;128;7;2;2669
0;7;288,5687;0;7;1;2669;0;6;2086;2;5;2430;1;4;710;7;3;2238
7;1;286,1863;44,34586;7;2;2238;0;7;2669;0;6;2086;2;5;2430;1;4;2027
7;2;285,9901;22,88818;7;3;2027;7;1;2238;0;7;2669;0;6;2086;2;5;2290
7;3;287,9731;155,4489;3;4;2290;7;2;2027;7;1;2238;0;7;2669;0;6;2262
3;4;287,7039;30,99442;7;5;2262;7;3;2290;7;2;2027;7;1;2238;0;7;2297
7;5;286,4938;0;0;6;2297;3;4;2262;7;3;2290;7;2;2027;7;1;1480
0;6;287,9054;4,291534;0;7;1480;7;5;2297;3;4;2262;7;3;2290;7;2;877
0;7;291,5125;18,11981;7;1;877;0;6;1480;7;5;2297;3;4;2262;7;3;1478
7;1;288,4211;890,7318;7;2;1478;0;7;877;0;6;1480;7;5;2297;3;4;1679
7;2;290,5323;0;7;3;1679;7;1;1478;0;7;877;0;6;1480;7;5;1562
7;3;290,717;30,99442;7;4;1562;7;2;1679;7;1;1478;0;7;877;0;6;1415
7;4;291,051;50,0679;7;5;1415;7;3;1562;7;2;1679;7;1;1478;0;7;1402
7;5;290,2741;206,9473;0;6;1402;7;4;1415;7;3;1562;7;2;1679;7;1;1507
0;6;291,1092;74,86343;0;7;1507;7;5;1402;7;4;1415;7;3;1562;7;2;1999
0;7;289,3288;270,3667;7;1;1999;0;6;1507;7;5;1402;7;4;1415;7;3;892
7;1;288,3552;10,49042;7;2;892;0;7;1999;0;6;1507;7;5;1402;7;4;1443
7;2;286,6834;541,2101;7;3;1443;7;1;892;0;7;1999;0;6;1507;7;5;1449
7;3;286,4644;175,9529;7;4;1449;7;2;1443;7;1;892;0;7;1999;0;6;1458
7;4;286,3301;105,8578;7;5;1458;7;3;1449;7;2;1443;7;1;892;0;7;1448
7;5;285,6967;9,059906;0;6;1448;7;4;1458;7;3;1449;7;2;1443;7;1;1338
0;6;284,2622;28,61023;0;7;1338;7;5;1448;7;4;1458;7;3;1449;7;2;1335
0;7;289,2214;100,6126;7;1;1335;0;6;1338;7;5;1448;7;4;1458;7;3;985
7;1;286,7153;0,9536743;7;2;985;0;7;1335;0;6;1338;7;5;1448;7;4;1313
7;2;285,4738;0;7;3;1313;7;1;985;0;7;1335;0;6;1338;7;5;1284
7;3;284,248;0;7;4;1284;7;2;1313;7;1;985;0;7;1335;0;6;1251
7;4;284,9273;0;7;5;1251;7;3;1284;7;2;1313;7;1;985;0;7;1234
7;5;285,3687;0;0;6;1234;7;4;1251;7;3;1284;7;2;1313;7;1;1213
0;6;283,6977;0;0;7;1213;7;5;1234;7;4;1251;7;3;1284;7;2;1438
0;7;283,7135;0;7;1;1438;0;6;1213;7;5;1234;7;4;1251;7;3;957
7;1;281,0994;0;7;2;957;0;7;1438;0;6;1213;7;5;1234;7;4;1219
7;2;286,7643;0,9536743;7;3;1219;7;1;957;0;7;1438;0;6;1213;7;5;1212
7;3;286,6664;0;1;4;1212;7;2;1219;7;1;957;0;7;1438;0;6;1208
1;4;288,3435;0;2;5;1208;7;3;1212;7;2;1219;7;1;957;0;7;1951
2;5;283,6014;0;0;6;1951;1;4;1208;7;3;1212;7;2;1219;7;1;2009
0;6;286,1749;0;0;7;2009;2;5;1951;1;4;1208;7;3;1212;7;2;2662
0;7;286,9642;0;7;1;2662;0;6;2009;2;5;1951;1;4;1208;7;3;1720
7;1;286,8424;0;7;2;1720;0;7;2662;0;6;2009;2;5;1951;1;4;1910
7;2;285,1756;0;7;3;1910;7;1;1720;0;7;2662;0;6;2009;2;5;2050
7;3;282,0812;0;7;4;2050;7;2;1910;7;1;1720;0;7;2662;0;6;2070
7;4;284,9612;457,7637;7;5;2070;7;3;2050;7;2;1910;7;1;1720;0;7;2083
7;5;285,4217;0;0;6;2083;7;4;2070;7;3;2050;7;2;1910;7;1;1967
0;6;282,3402;0;0;7;1967;7;5;2083;7;4;2070;7;3;2050;7;2;1094
0;7;285,4368;177,8603;7;1;1094;0;6;1967;7;5;2083;7;4;2070;7;3;624
7;1;283,253;0;7;2;624;0;7;1094;0;6;1967;7;5;2083;7;4;1567
7;2;281,4982;0;7;3;1567;7;1;624;0;7;1094;0;6;1967;7;5;1467
7;3;284,1182;0,9536743;7;4;1467;7;2;1567;7;1;624;0;7;1094;0;6;1344
7;4;284,3047;0,9536743;5;5;1344;7;3;1467;7;2;1567;7;1;624;0;7;1219
5;5;282,3937;0,4768372;0;6;1219;7;4;1344;7;3;1467;7;2;1567;7;1;1244
0;6;281,8617;0,9536743;0;7;1244;5;5;1219;7;4;1344;7;3;1467;7;2;594
0;7;280,1128;0;4;1;594;0;6;1244;5;5;1219;7;4;1344;7;3;870
4;1;283,0442;0;4;2;870;0;7;594;0;6;1244;5;5;1219;7;4;509
4;2;284,3732;0;4;3;509;4;1;870;0;7;594;0;6;1244;5;5;887
4;3;283,8111;0;4;4;887;4;2;509;4;1;870;0;7;594;0;6;1344
4;4;282,4536;0;4;5;1344;4;3;887;4;2;509;4;1;870;0;7;1825
4;5;283,9236;0;0;6;1825;4;4;1344;4;3;887;4;2;509;4;1;1867
0;6;285,1391;0;0;7;1867;4;5;1825;4;4;1344;4;3;887;4;2;2196
0;7;284,9208;0;4;1;2196;0;6;1867;4;5;1825;4;4;1344;4;3;2407
4;1;284,3827;0;4;2;2407;0;7;2196;0;6;1867;4;5;1825;4;4;1590
4;2;282,9502;0;4;3;1590;4;1;2407;0;7;2196;0;6;1867;4;5;1980
4;3;282,1202;0;4;4;1980;4;2;1590;4;1;2407;0;7;2196;0;6;1983
4;4;282,4185;0;4;5;1983;4;3;1980;4;2;1590;4;1;2407;0;7;1912
4;5;281,7104;0;0;6;1912;4;4;1983;4;3;1980;4;2;1590;4;1;1792
0;6;281,6324;0;0;7;1792;4;5;1912;4;4;1983;4;3;1980;4;2;1314
0;7;282,7451;0;4;1;1314;0;6;1792;4;5;1912;4;4;1983;4;3;1200
4;1;283,9533;0;6;2;1200;0;7;1314;0;6;1792;4;5;1912;4;4;1305
6;2;282,5604;0;7;3;1305;4;1;1200;0;7;1314;0;6;1792;4;5;409
7;3;285,2147;0;7;4;409;6;2;1305;4;1;1200;0;7;1314;0;6;1204
7;4;282,6279;0;7;5;1204;7;3;409;6;2;1305;4;1;1200;0;7;1086
7;5;280,1645;0;0;6;1086;7;4;1204;7;3;409;6;2;1305;4;1;1041
0;6;281,6949;0;0;7;1041;7;5;1086;7;4;1204;7;3;409;6;2;1436
0;7;281,8674;0;7;1;1436;0;6;1041;7;5;1086;7;4;1204;7;3;1476
7;1;284,2053;0;7;2;1476;0;7;1436;0;6;1041;7;5;1086;7;4;1249
7;2;283,814;0;7;3;1249;7;1;1476;0;7;1436;0;6;1041;7;5;1258
7;3;282,4772;0;7;4;1258;7;2;1249;7;1;1476;0;7;1436;0;6;1292
7;4;280,9618;27,17972;7;5;1292;7;3;1258;7;2;1249;7;1;1476;0;7;1342
7;5;278,993;0;0;6;1342;7;4;1292;7;3;1258;7;2;1249;7;1;1323
0;6;277,4013;63,89618;0;7;1323;7;5;1342;7;4;1292;7;3;1258;7;2;655
0;7;284,6783;0;7;1;655;0;6;1323;7;5;1342;7;4;1292;7;3;1429
7;1;283,6058;0;7;2;1429;0;7;655;0;6;1323;7;5;1342;7;4;1208
7;2;282,5444;2,861023;7;3;1208;7;1;1429;0;7;655;0;6;1323;7;5;1191
7;3;287,5795;0;7;4;1191;7;2;1208;7;1;1429;0;7;655;0;6;1161
7;4;290,6677;7,629395;7;5;1161;7;3;1191;7;2;1208;7;1;1429;0;7;1129
7;5;289,3792;0;0;6;1129;7;4;1161;7;3;1191;7;2;1208;7;1;1224
0;6;284,3642;0;0;7;1224;7;5;1129;7;4;1161;7;3;1191;7;2;1856
0;7;286,514;0;7;1;1856;0;6;1224;7;5;1129;7;4;1161;7;3;1312
7;1;286,7853;0;7;2;1312;0;7;1856;0;6;1224;7;5;1129;7;4;1337
7;2;284,9313;0;7;3;1337;7;1;1312;0;7;1856;0;6;1224;7;5;1372
7;3;284,158;0;7;4;1372;7;2;1337;7;1;1312;0;7;1856;0;6;1420
7;4;287,8458;69,61823;7;5;1420;7;3;1372;7;2;1337;7;1;1312;0;7;1459
7;5;284,3043;32,42493;0;6;1459;7;4;1420;7;3;1372;7;2;1337;7;1;1380
0;6;283,0213;12,8746;0;7;1380;7;5;1459;7;4;1420;7;3;1372;7;2;1393
0;7;281,6512;0;7;1;1393;0;6;1380;7;5;1459;7;4;1420;7;3;1513
7;1;280,6044;0;7;2;1513;0;7;1393;0;6;1380;7;5;1459;7;4;1433
7;2;285,1814;0;7;3;1433;7;1;1513;0;7;1393;0;6;1380;7;5;1436
7;3;286,1398;0;7;4;1436;7;2;1433;7;1;1513;0;7;1393;0;6;1431
7;4;286,7872;0;7;5;1431;7;3;1436;7;2;1433;7;1;1513;0;7;1441
7;5;285,4453;0;0;6;1441;7;4;1431;7;3;1436;7;2;1433;7;1;1451
0;6;283,9134;0;0;7;1451;7;5;1441;7;4;1431;7;3;1436;7;2;1816
0;7;285,4128;0;7;1;1816;0;6;1451;7;5;1441;7;4;1431;7;3;1518
7;1;286,3823;0;7;2;1518;0;7;1816;0;6;1451;7;5;1441;7;4;1531
7;2;284,1641;0;7;3;1531;7;1;1518;0;7;1816;0;6;1451;7;5;1552
7;3;285,6106;0;7;4;1552;7;2;1531;7;1;1518;0;7;1816;0;6;1574
7;4;284,4219;0;7;5;1574;7;3;1552;7;2;1531;7;1;1518;0;7;1598
7;5;285,7755;0;0;6;1598;7;4;1574;7;3;1552;7;2;1531;7;1;1555
0;6;287,9385;0;0;7;1555;7;5;1598;7;4;1574;7;3;1552;7;2;2383
0;7;286,6607;0;7;1;2383;0;6;1555;7;5;1598;7;4;1574;7;3;2345
7;1;286,2692;0;7;2;2345;0;7;2383;0;6;1555;7;5;1598;7;4;1891
7;2;286,125;0;7;3;1891;7;1;2345;0;7;2383;0;6;1555;7;5;1954
7;3;286,1467;0;7;4;1954;7;2;1891;7;1;2345;0;7;2383;0;6;2026
7;4;287,8477;0;7;5;2026;7;3;1954;7;2;1891;7;1;2345;0;7;2120
7;5;289,1746;0;0;6;2120;7;4;2026;7;3;1954;7;2;1891;7;1;2067
0;6;289,9253;0;0;7;2067;7;5;2120;7;4;2026;7;3;1954;7;2;2011
0;7;290,2378;0;7;1;2011;0;6;2067;7;5;2120;7;4;2026;7;3;2036
7;1;289,7437;0;7;2;2036;0;7;2011;0;6;2067;7;5;2120;7;4;2052
7;2;291,1646;0;7;3;2052;7;1;2036;0;7;2011;0;6;2067;7;5;2057
7;3;291,3955;0;7;4;2057;7;2;2052;7;1;2036;0;7;2011;0;6;2045
7;4;290,6229;0;2;5;2045;7;3;2057;7;2;2052;7;1;2036;0;7;2040
2;5;291,0155;0;0;6;2040;7;4;2045;7;3;2057;7;2;2052;7;1;2046
0;6;291,1279;0;0;7;2046;2;5;2040;7;4;2045;7;3;2057;7;2;2048
0;7;291,8265;0;2;1;2048;0;6;2046;2;5;2040;7;4;2045;7;3;2047
2;1;289,1186;32,42493;7;2;2047;0;7;2048;0;6;2046;2;5;2040;7;4;2045
7;2;288,3374;0;7;3;2045;2;1;2047;0;7;2048;0;6;2046;2;5;2045
7;3;286,7267;729,5609;7;4;2045;7;2;2045;2;1;2047;0;7;2048;0;6;2046
7;4;285,2336;0;7;5;2046;7;3;2045;7;2;2045;2;1;2047;0;7;2046
7;5;287,1262;7,629395;0;6;2046;7;4;2046;7;3;2045;7;2;2045;2;1;2046
0;6;288,8975;0;0;7;2046;7;5;2046;7;4;2046;7;3;2045;7;2;2046
0;7;291,9169;0;7;1;2046;0;6;2046;7;5;2046;7;4;2046;7;3;2046
7;1;290,9182;0;7;2;2046;0;7;2046;0;6;2046;7;5;2046;7;4;2046
7;2;292,0141;0;7;3;2046;7;1;2046;0;7;2046;0;6;2046;7;5;2046
7;3;287,3466;0;7;4;2046;7;2;2046;7;1;2046;0;7;2046;0;6;2046
7;4;287,2166;0;7;5;2046;7;3;2046;7;2;2046;7;1;2046;0;7;2046
7;5;292,469;0;0;6;2046;7;4;2046;7;3;2046;7;2;2046;7;1;563
0;6;295,6792;0;0;7;563;7;5;2046;7;4;2046;7;3;2046;7;2;2352
0;7;293,1922;0;7;1;2352;0;6;563;7;5;2046;7;4;2046;7;3;1811
7;1;286,8085;0;7;2;1811;0;7;2352;0;6;563;7;5;2046;7;4;1764
7;2;288,1729;4,768372;7;3;1764;7;1;1811;0;7;2352;0;6;563;7;5;1707
7;3;285,3919;0;7;4;1707;7;2;1764;7;1;1811;0;7;2352;0;6;432
7;4;286,5443;0;7;5;432;7;3;1707;7;2;1764;7;1;1811;0;7;556
7;5;288,8441;0;0;6;556;7;4;432;7;3;1707;7;2;1764;7;1;762
0;6;292,5598;0;0;7;762;7;5;556;7;4;432;7;3;1707;7;2;2402
0;7;292,8344;0;7;1;2402;0;6;762;7;5;556;7;4;432;7;3;2246
7;1;293,8714;0;7;2;2246;0;7;2402;0;6;762;7;5;556;7;4;750
7;2;292,2397;0;7;3;750;7;1;2246;0;7;2402;0;6;762;7;5;483
7;3;288,5436;0;7;4;483;7;2;750;7;1;2246;0;7;2402;0;6;629
7;4;289,835;0;7;5;629;7;3;483;7;2;750;7;1;2246;0;7;682
7;5;289,3219;0;0;6;682;7;4;629;7;3;483;7;2;750;7;1;1011
0;6;289,6528;0;0;7;1011;7;5;682;7;4;629;7;3;483;7;2;2747
0;7;286,4935;38,14697;7;1;2747;0;6;1011;7;5;682;7;4;629;7;3;1401
7;1;288,5162;110,6262;7;2;1401;0;7;2747;0;6;1011;7;5;682;7;4;692
7;2;290,8692;41,96167;7;3;692;7;1;1401;0;7;2747;0;6;1011;7;5;546
7;3;290,474;0;7;4;546;7;2;692;7;1;1401;0;7;2747;0;6;214
7;4;286,1834;0;3;5;214;7;3;546;7;2;692;7;1;1401;0;7;914
3;5;285,0736;306,1295;0;6;914;7;4;214;7;3;546;7;2;692;7;1;283
0;6;284,8113;109,6725;0;7;283;3;5;914;7;4;214;7;3;546;7;2;530
0;7;287,6626;0;7;1;530;0;6;283;3;5;914;7;4;214;7;3;2527
7;1;289,2066;37,1933;7;2;2527;0;7;530;0;6;283;3;5;914;7;4;749
7;2;286,347;39,10065;7;3;749;7;1;2527;0;7;530;0;6;283;3;5;494
7;3;287,7742;23,36502;5;4;494;7;2;749;7;1;2527;0;7;530;0;6;1077
5;4;288,5333;19,07349;4;5;1077;7;3;494;7;2;749;7;1;2527;0;7;926
4;5;289,8122;0;0;6;926;5;4;1077;7;3;494;7;2;749;7;1;1478
0;6;292,8451;0;0;7;1478;4;5;926;5;4;1077;7;3;494;7;2;3201
0;7;295,58;0;4;1;3201;0;6;1478;4;5;926;5;4;1077;7;3;3367
4;1;297,5602;0,9536743;4;2;3367;0;7;3201;0;6;1478;4;5;926;5;4;1787
4;2;292,7629;0;4;3;1787;4;1;3367;0;7;3201;0;6;1478;4;5;2699
4;3;295,8457;0;4;4;2699;4;2;1787;4;1;3367;0;7;3201;0;6;3200
4;4;286,5035;1315,594;4;5;3200;4;3;2699;4;2;1787;4;1;3367;0;7;951
4;5;286,8727;626,0872;0;6;951;4;4;3200;4;3;2699;4;2;1787;4;1;1548
0;6;292,8452;83,4465;0;7;1548;4;5;951;4;4;3200;4;3;2699;4;2;2177
0;7;287,7629;13,35144;4;1;2177;0;6;1548;4;5;951;4;4;3200;4;3;75
4;1;291,1653;3,33786;6;2;75;0;7;2177;0;6;1548;4;5;951;4;4;2110
6;2;286,5118;11,92093;7;3;2110;4;1;75;0;7;2177;0;6;1548;4;5;712
7;3;287,0274;577,9266;7;4;712;6;2;2110;4;1;75;0;7;2177;0;6;183
7;4;287,0522;27,17972;7;5;183;7;3;712;6;2;2110;4;1;75;0;7;1051
7;5;288,795;0,9536743;0;6;1051;7;4;183;7;3;712;6;2;2110;4;1;1438
0;6;291,962;0;0;7;1438;7;5;1051;7;4;183;7;3;712;6;2;2996
0;7;295,8524;0;7;1;2996;0;6;1438;7;5;1051;7;4;183;7;3;2911
7;1;297,6333;0;7;2;2911;0;7;2996;0;6;1438;7;5;1051;7;4;1241
7;2;298,452;0;1;3;1241;7;1;2911;0;7;2996;0;6;1438;7;5;1177
1;3;297,4718;0;1;4;1177;7;2;1241;7;1;2911;0;7;2996;0;6;3302
1;4;296,7582;12,39777;2;5;3302;1;3;1177;7;2;1241;7;1;2911;0;7;3452
2;5;295,4979;0,9536743;0;6;3452;1;4;3302;1;3;1177;7;2;1241;7;1;2314
0;6;293,3661;0;0;7;2314;2;5;3452;1;4;3302;1;3;1177;7;2;3100
0;7;293,2532;0;7;1;3100;0;6;2314;2;5;3452;1;4;3302;1;3;2868
7;1;297,0781;0;7;2;2868;0;7;3100;0;6;2314;2;5;3452;1;4;829
7;2;296,1734;0;7;3;829;7;1;2868;0;7;3100;0;6;2314;2;5;500
7;3;291,7995;74,3866;3;4;500;7;2;829;7;1;2868;0;7;3100;0;6;2014
3;4;294,993;0;7;5;2014;7;3;500;7;2;829;7;1;2868;0;7;548
7;5;296,6203;12,39777;0;6;548;3;4;2014;7;3;500;7;2;829;7;1;133
0;6;298,55;0;0;7;133;7;5;548;3;4;2014;7;3;500;7;2;2929
0;7;297,1749;0;7;1;2929;0;6;133;7;5;548;3;4;2014;7;3;2755
7;1;301,1053;0;7;2;2755;0;7;2929;0;6;133;7;5;548;3;4;825
7;2;299,216;0;7;3;825;7;1;2755;0;7;2929;0;6;133;7;5;813
7;3;305,219;0;7;4;813;7;2;825;7;1;2755;0;7;2929;0;6;2202
7;4;301,2807;0;7;5;2202;7;3;813;7;2;825;7;1;2755;0;7;678
7;5;291,4138;1,907349;0;6;678;7;4;2202;7;3;813;7;2;825;7;1;1455
0;6;290,7823;5,722046;0;7;1455;7;5;678;7;4;2202;7;3;813;7;2;2669
0;7;292,2981;0,4768372;7;1;2669;0;6;1455;7;5;678;7;4;2202;7;3;2550
7;1;294,6078;0;3;2;2550;0;7;2669;0;6;1455;7;5;678;7;4;826
3;2;296,894;0;7;3;826;7;1;2550;0;7;2669;0;6;1455;7;5;868
7;3;299,6078;0;7;4;868;3;2;826;7;1;2550;0;7;2669;0;6;782
7;4;300,7205;0;7;5;782;7;3;868;3;2;826;7;1;2550;0;7;866
7;5;296,7556;4,768372;0;6;866;7;4;782;7;3;868;3;2;826;7;1;1314
0;6;295,5627;0;0;7;1314;7;5;866;7;4;782;7;3;868;3;2;3086
0;7;297,0276;0;7;1;3086;0;6;1314;7;5;866;7;4;782;7;3;2617
7;1;300,8098;0;7;2;2617;0;7;3086;0;6;1314;7;5;866;7;4;900
7;2;298,4962;0;7;3;900;7;1;2617;0;7;3086;0;6;1314;7;5;1013
7;3;296,0797;0;7;4;1013;7;2;900;7;1;2617;0;7;3086;0;6;959
7;4;300,0167;0;7;5;959;7;3;1013;7;2;900;7;1;2617;0;7;989
7;5;302,0764;0;0;6;989;7;4;959;7;3;1013;7;2;900;7;1;1154
0;6;303,3354;0;0;7;1154;7;5;989;7;4;959;7;3;1013;7;2;1957
0;7;304,9314;0;3;1;1957;0;6;1154;7;5;989;7;4;959;7;3;1880
3;1;305,6478;0;3;2;1880;0;7;1957;0;6;1154;7;5;989;7;4;345
3;2;301,4503;0;3;3;345;3;1;1880;0;7;1957;0;6;1154;7;5;1265
3;3;293,7486;0;3;4;1265;3;2;345;3;1;1880;0;7;1957;0;6;1320
3;4;295,4426;0;3;5;1320;3;3;1265;3;2;345;3;1;1880;0;7;493
3;5;292,6484;0;0;6;493;3;4;1320;3;3;1265;3;2;345;3;1;1355
0;6;299,9662;0;0;7;1355;3;5;493;3;4;1320;3;3;1265;3;2;2767
0;7;299,343;0;3;1;2767;0;6;1355;3;5;493;3;4;1320;3;3;2789
3;1;297,5764;0;7;2;2789;0;7;2767;0;6;1355;3;5;493;3;4;1334
7;2;293,5439;4,768372;7;3;1334;3;1;2789;0;7;2767;0;6;1355;3;5;589
7;3;296,091;0;7;4;589;7;2;1334;3;1;2789;0;7;2767;0;6;1024
7;4;299,772;0;7;5;1024;7;3;589;7;2;1334;3;1;2789;0;7;944
7;5;297,1211;0;0;6;944;7;4;1024;7;3;589;7;2;1334;3;1;237
0;6;295,8326;0;0;7;237;7;5;944;7;4;1024;7;3;589;7;2;2542
0;7;301,03;0;7;1;2542;0;6;237;7;5;944;7;4;1024;7;3;2248
7;1;302,7728;0;7;2;2248;0;7;2542;0;6;237;7;5;944;7;4;804
7;2;301,7815;0;7;3;804;7;1;2248;0;7;2542;0;6;237;7;5;550
7;3;299,4571;0;7;4;550;7;2;804;7;1;2248;0;7;2542;0;6;956
7;4;300,3533;51,49841;5;5;956;7;3;550;7;2;804;7;1;2248;0;7;968
5;5;300,7505;0;0;6;968;7;4;956;7;3;550;7;2;804;7;1;1045
0;6;302,616;0;0;7;1045;5;5;968;7;4;956;7;3;550;7;2;2192
0;7;304,6056;0;4;1;2192;0;6;1045;5;5;968;7;4;956;7;3;2033
4;1;303,6815;0;4;2;2033;0;7;2192;0;6;1045;5;5;968;7;4;972
4;2;304,6521;0;4;3;972;4;1;2033;0;7;2192;0;6;1045;5;5;975
4;3;305,8705;0;4;4;975;4;2;972;4;1;2033;0;7;2192;0;6;897
4;4;308,2619;0;4;5;897;4;3;975;4;2;972;4;1;2033;0;7;1414
4;5;310,4197;0;0;6;1414;4;4;897;4;3;975;4;2;972;4;1;1071
0;6;310,1946;0;0;7;1071;4;5;1414;4;4;897;4;3;975;4;2;864
0;7;309,1222;0;7;1;864;0;6;1071;4;5;1414;4;4;897;4;3;903
7;1;307,0549;0;7;2;903;0;7;864;0;6;1071;4;5;1414;4;4;742
7;2;305,7974;0;7;3;742;7;1;903;0;7;864;0;6;1071;4;5;815
7;3;306,0009;0;7;4;815;7;2;742;7;1;903;0;7;864;0;6;775
7;4;305,2574;0;7;5;775;7;3;815;7;2;742;7;1;903;0;7;848
7;5;304,1981;0;0;6;848;7;4;775;7;3;815;7;2;742;7;1;769
0;6;305,5598;0;0;7;769;7;5;848;7;4;775;7;3;815;7;2;1323
0;7;305,0195;0;7;1;1323;0;6;769;7;5;848;7;4;775;7;3;1378
7;1;301,3165;0;7;2;1378;0;7;1323;0;6;769;7;5;848;7;4;933
7;2;301,2668;0;7;3;933;7;1;1378;0;7;1323;0;6;769;7;5;1094
7;3;302,8581;0;7;4;1094;7;2;933;7;1;1378;0;7;1323;0;6;1120
7;4;308,0276;0;7;5;1120;7;3;1094;7;2;933;7;1;1378;0;7;918
7;5;311,0507;0;0;6;918;7;4;1120;7;3;1094;7;2;933;7;1;824
0;6;306,8604;95,36743;0;7;824;7;5;918;7;4;1120;7;3;1094;7;2;1861
0;7;304,6164;2,861023;7;1;1861;0;6;824;7;5;918;7;4;1120;7;3;1691
7;1;306,3354;0;7;2;1691;0;7;1861;0;6;824;7;5;918;7;4;850
7;2;307,6709;0;7;3;850;7;1;1691;0;7;1861;0;6;824;7;5;878
7;3;305,4183;0;7;4;878;7;2;850;7;1;1691;0;7;1861;0;6;1032
7;4;307,0564;0;7;5;1032;7;3;878;7;2;850;7;1;1691;0;7;948
7;5;308,3149;0;0;6;948;7;4;1032;7;3;878;7;2;850;7;1;896
0;6;308,3155;0;0;7;896;7;5;948;7;4;1032;7;3;878;7;2;1276
0;7;309,0121;0;7;1;1276;0;6;896;7;5;948;7;4;1032;7;3;1179
7;1;308,3113;0;7;2;1179;0;7;1276;0;6;896;7;5;948;7;4;723
7;2;308,9141;0;7;3;723;7;1;1179;0;7;1276;0;6;896;7;5;1215
7;3;309,0308;0;7;4;1215;7;2;723;7;1;1179;0;7;1276;0;6;875
7;4;308,1971;0;7;5;875;7;3;1215;7;2;723;7;1;1179;0;7;1040
7;5;303,6549;0;0;6;1040;7;4;875;7;3;1215;7;2;723;7;1;1036
0;6;299,6648;0;0;7;1036;7;5;1040;7;4;875;7;3;1215;7;2;845
0;7;300,8727;0;7;1;845;0;6;1036;7;5;1040;7;4;875;7;3;2213
7;1;305,1818;0;7;2;2213;0;7;845;0;6;1036;7;5;1040;7;4;709
7;2;302,1323;0;7;3;709;7;1;2213;0;7;845;0;6;1036;7;5;1012
7;3;304,0393;0;7;4;1012;7;2;709;7;1;2213;0;7;845;0;6;1005
7;4;305,6537;0;7;5;1005;7;3;1012;7;2;709;7;1;2213;0;7;937
7;5;307,1213;0;0;6;937;7;4;1005;7;3;1012;7;2;709;7;1;1088
0;6;307,3619;0;0;7;1088;7;5;937;7;4;1005;7;3;1012;7;2;1660
0;7;307,4501;0;7;1;1660;0;6;1088;7;5;937;7;4;1005;7;3;1639
7;1;307,6909;0;7;2;1639;0;7;1660;0;6;1088;7;5;937;7;4;1048
7;2;307,6411;0;7;3;1048;7;1;1639;0;7;1660;0;6;1088;7;5;1247
7;3;302,9237;0,9536743;7;4;1247;7;2;1048;7;1;1639;0;7;1660;0;6;1492
7;4;304,2957;0;7;5;1492;7;3;1247;7;2;1048;7;1;1639;0;7;1194
7;5;303,3909;0;0;6;1194;7;4;1492;7;3;1247;7;2;1048;7;1;1324
0;6;302,6858;0;0;7;1324;7;5;1194;7;4;1492;7;3;1247;7;2;1957
0;7;302,3153;0;7;1;1957;0;6;1324;7;5;1194;7;4;1492;7;3;2392
7;1;299,2856;0;7;2;2392;0;7;1957;0;6;1324;7;5;1194;7;4;1495
7;2;300,6025;0;7;3;1495;7;1;2392;0;7;1957;0;6;1324;7;5;1574
7;3;303,7356;0;7;4;1574;7;2;1495;7;1;2392;0;7;1957;0;6;1308
7;4;306,9595;0;7;5;1308;7;3;1574;7;2;1495;7;1;2392;0;7;2137
7;5;307,0092;0;0;6;2137;7;4;1308;7;3;1574;7;2;1495;7;1;1395
0;6;308,6049;0;0;7;1395;7;5;2137;7;4;1308;7;3;1574;7;2;1745
0;7;307,7457;0;7;1;1745;0;6;1395;7;5;2137;7;4;1308;7;3;878
7;1;304,3984;0;7;2;878;0;7;1745;0;6;1395;7;5;2137;7;4;1115
7;2;302,2729;0;7;3;1115;7;1;878;0;7;1745;0;6;1395;7;5;2361
7;3;301,6997;51,02158;7;4;2361;7;2;1115;7;1;878;0;7;1745;0;6;2028
7;4;302,9047;0;7;5;2028;7;3;2361;7;2;1115;7;1;878;0;7;1489
7;5;303,8554;0;0;6;1489;7;4;2028;7;3;2361;7;2;1115;7;1;1390
0;6;305,1384;0;0;7;1390;7;5;1489;7;4;2028;7;3;2361;7;2;1870
0;7;305,5753;0;7;1;1870;0;6;1390;7;5;1489;7;4;2028;7;3;1916
7;1;299,6755;282,7644;7;2;1916;0;7;1870;0;6;1390;7;5;1489;7;4;664
7;2;298,8122;25,74921;7;3;664;7;1;1916;0;7;1870;0;6;1390;7;5;1395
7;3;302,4935;0;7;4;1395;7;2;664;7;1;1916;0;7;1870;0;6;1564
7;4;304,4061;0;7;5;1564;7;3;1395;7;2;664;7;1;1916;0;7;1481
7;5;305,4733;25,27237;0;6;1481;7;4;1564;7;3;1395;7;2;664;7;1;812
0;6;304,5618;0;0;7;812;7;5;1481;7;4;1564;7;3;1395;7;2;2111
0;7;306,5768;0;4;1;2111;0;6;812;7;5;1481;7;4;1564;7;3;2058
4;1;302,9197;0;4;2;2058;0;7;2111;0;6;812;7;5;1481;7;4;895
4;2;304,1708;0;4;3;895;4;1;2058;0;7;2111;0;6;812;7;5;1074
4;3;304,9859;0;4;4;1074;4;2;895;4;1;2058;0;7;2111;0;6;1105
4;4;300,3996;0;4;5;1105;4;3;1074;4;2;895;4;1;2058;0;7;768
4;5;297,5529;0;0;6;768;4;4;1105;4;3;1074;4;2;895;4;1;1253
0;6;298,8704;0;0;7;1253;4;5;768;4;4;1105;4;3;1074;4;2;2283
0;7;300,9555;2,861023;4;1;2283;0;6;1253;4;5;768;4;4;1105;4;3;2202
4;1;302,8441;0;6;2;2202;0;7;2283;0;6;1253;4;5;768;4;4;730
6;2;295,0789;0;7;3;730;4;1;2202;0;7;2283;0;6;1253;4;5;1447
7;3;298,2513;0;7;4;1447;6;2;730;4;1;2202;0;7;2283;0;6;1583
7;4;300,5814;0;7;5;1583;7;3;1447;6;2;730;4;1;2202;0;7;1649
7;5;291,9303;2499,563;0;6;1649;7;4;1583;7;3;1447;6;2;730;4;1;416
0;6;293,3264;504,0169;0;7;416;7;5;1649;7;4;1583;7;3;1447;6;2;685
0;7;295,5879;107,7652;7;1;685;0;6;416;7;5;1649;7;4;1583;7;3;1130
7;1;297,656;12,39777;7;2;1130;0;7;685;0;6;416;7;5;1649;7;4;731
7;2;300,9305;10,49042;7;3;731;7;1;1130;0;7;685;0;6;416;7;5;841
7;3;298,8284;0;7;4;841;7;2;731;7;1;1130;0;7;685;0;6;722
7;4;300,588;0;7;5;722;7;3;841;7;2;731;7;1;1130;0;7;762
7;5;299,0281;14,30511;0;6;762;7;4;722;7;3;841;7;2;731;7;1;784
0;6;296,0292;14,78195;0;7;784;7;5;762;7;4;722;7;3;841;7;2;1265
0;7;296,4807;0;7;1;1265;0;6;784;7;5;762;7;4;722;7;3;2173
7;1;295,5985;0;7;2;2173;0;7;1265;0;6;784;7;5;762;7;4;972
7;2;298,9921;0;7;3;972;7;1;2173;0;7;1265;0;6;784;7;5;873
7;3;296,4307;0;7;4;873;7;2;972;7;1;2173;0;7;1265;0;6;842
7;4;298,8572;0;7;5;842;7;3;873;7;2;972;7;1;2173;0;7;778
7;5;300,2539;0;0;6;778;7;4;842;7;3;873;7;2;972;7;1;1094
0;6;299,8722;0;0;7;1094;7;5;778;7;4;842;7;3;873;7;2;2530
0;7;301,2122;0;3;1;2530;0;6;1094;7;5;778;7;4;842;7;3;2351
3;1;301,2956;0;3;2;2351;0;7;2530;0;6;1094;7;5;778;7;4;772
3;2;300,2353;0;3;3;772;3;1;2351;0;7;2530;0;6;1094;7;5;507
3;3;295,5166;0;3;4;507;3;2;772;3;1;2351;0;7;2530;0;6;682
3;4;296,35;0;7;5;682;3;3;507;3;2;772;3;1;2351;0;7;688
7;5;299,4956;0;0;6;688;3;4;682;3;3;507;3;2;772;3;1;1040
0;6;299,1302;0;0;7;1040;7;5;688;3;4;682;3;3;507;3;2;2281
0;7;299,5738;0;7;1;2281;0;6;1040;7;5;688;3;4;682;3;3;2418
7;1;299,8606;0;7;2;2418;0;7;2281;0;6;1040;7;5;688;3;4;966
7;2;300,7471;0;7;3;966;7;1;2418;0;7;2281;0;6;1040;7;5;703
7;3;301,0297;0;7;4;703;7;2;966;7;1;2418;0;7;2281;0;6;737
7;4;297,6591;0;7;5;737;7;3;703;7;2;966;7;1;2418;0;7;839
7;5;298,9179;0;0;6;839;7;4;737;7;3;703;7;2;966;7;1;1017
0;6;300,3171;8,583069;0;7;1017;7;5;839;7;4;737;7;3;703;7;2;2388
0;7;296,6793;0;7;1;2388;0;6;1017;7;5;839;7;4;737;7;3;2342
7;1;293,1575;719,5472;7;2;2342;0;7;2388;0;6;1017;7;5;839;7;4;1465
7;2;289,696;0;7;3;1465;7;1;2342;0;7;2388;0;6;1017;7;5;911
7;3;290,911;0;7;4;911;7;2;1465;7;1;2342;0;7;2388;0;6;846
7;4;291,1018;0;7;5;846;7;3;911;7;2;1465;7;1;2342;0;7;470
7;5;294,6602;33,85544;0;6;470;7;4;846;7;3;911;7;2;1465;7;1;794
0;6;291,8268;0,4768372;0;7;794;7;5;470;7;4;846;7;3;911;7;2;2236
0;7;288,5483;214,5767;7;1;2236;0;6;794;7;5;470;7;4;846;7;3;1241
7;1;288,2695;0,4768372;7;2;1241;0;7;2236;0;6;794;7;5;470;7;4;974
7;2;287,2706;166,893;7;3;974;7;1;1241;0;7;2236;0;6;794;7;5;587
7;3;286,005;397,2054;7;4;587;7;2;974;7;1;1241;0;7;2236;0;6;262
7;4;289,8132;0;7;5;262;7;3;587;7;2;974;7;1;1241;0;7;865
7;5;292,064;0;0;6;865;7;4;262;7;3;587;7;2;974;7;1;1191
0;6;294,5359;0;0;7;1191;7;5;865;7;4;262;7;3;587;7;2;2874
0;7;293,9572;0;7;1;2874;0;6;1191;7;5;865;7;4;262;7;3;2431
7;1;294,7054;0;7;2;2431;0;7;2874;0;6;1191;7;5;865;7;4;1127
7;2;292,5457;0;3;3;1127;7;1;2431;0;7;2874;0;6;1191;7;5;965
3;3;292,6158;0;2;4;965;7;2;1127;7;1;2431;0;7;2874;0;6;905
2;4;295,7405;0;1;5;905;3;3;965;7;2;1127;7;1;2431;0;7;1612
1;5;295,9029;20,98083;0;6;1612;2;4;905;3;3;965;7;2;1127;7;1;2311
0;6;293,7303;29,5639;0;7;2311;1;5;1612;2;4;905;3;3;965;7;2;816
0;7;292,4384;2,384186;7;1;816;0;6;2311;1;5;1612;2;4;905;3;3;1322
7;1;291,9573;82,96967;7;2;1322;0;7;816;0;6;2311;1;5;1612;2;4;1393
7;2;288,1985;89,64539;7;3;1393;7;1;1322;0;7;816;0;6;2311;1;5;1491
7;3;288,1492;0;7;4;1491;7;2;1393;7;1;1322;0;7;816;0;6;1467
7;4;288,3505;29,5639;7;5;1467;7;3;1491;7;2;1393;7;1;1322;0;7;1298
7;5;286,2425;0;0;6;1298;7;4;1467;7;3;1491;7;2;1393;7;1;1394
0;6;286,0621;0;0;7;1394;7;5;1298;7;4;1467;7;3;1491;7;2;2217
0;7;285,5692;12,39777;7;1;2217;0;6;1394;7;5;1298;7;4;1467;7;3;1573
7;1;285,0037;9,059906;7;2;1573;0;7;2217;0;6;1394;7;5;1298;7;4;1590
7;2;286,9569;0;7;3;1590;7;1;1573;0;7;2217;0;6;1394;7;5;1614
7;3;291,3418;18,59665;3;4;1614;7;2;1590;7;1;1573;0;7;2217;0;6;1678
3;4;284,7095;107,7652;7;5;1678;7;3;1614;7;2;1590;7;1;1573;0;7;1734
7;5;284,307;22,88818;0;6;1734;3;4;1678;7;3;1614;7;2;1590;7;1;1638
0;6;284,095;0;0;7;1638;7;5;1734;3;4;1678;7;3;1614;7;2;1971
0;7;283,6291;419,6167;7;1;1971;0;6;1638;7;5;1734;3;4;1678;7;3;861
7;1;286,0405;0;7;2;861;0;7;1971;0;6;1638;7;5;1734;3;4;1576
7;2;283,9955;0;7;3;1576;7;1;861;0;7;1971;0;6;1638;7;5;1556
7;3;284,5408;19,07349;7;4;1556;7;2;1576;7;1;861;0;7;1971;0;6;1520
7;4;284,8307;418,663;7;5;1520;7;3;1556;7;2;1576;7;1;861;0;7;1497
7;5;287,9587;1493,454;0;6;1497;7;4;1520;7;3;1556;7;2;1576;7;1;1402
0;6;287,2617;19,07349;0;7;1402;7;5;1497;7;4;1520;7;3;1556;7;2;718
0;7;285,5937;0;7;1;718;0;6;1402;7;5;1497;7;4;1520;7;3;1453
7;1;290,3718;53,8826;7;2;1453;0;7;718;0;6;1402;7;5;1497;7;4;1318
7;2;288,9146;107,2884;7;3;1318;7;1;1453;0;7;718;0;6;1402;7;5;1278
7;3;287,6548;62,46567;7;4;1278;7;2;1318;7;1;1453;0;7;718;0;6;1234
7;4;287,3434;0;7;5;1234;7;3;1278;7;2;1318;7;1;1453;0;7;1200
7;5;288,8958;18,11981;0;6;1200;7;4;1234;7;3;1278;7;2;1318;7;1;1297
