Curso;Dia;Dia semana;Tipo
dic-13;10/09/2012;L;
dic-13;11/09/2012;M;
dic-13;12/09/2012;X;
dic-13;13/09/2012;J;
dic-13;14/09/2012;V;
;15/09/2012;S;FDS
;16/09/2012;D;FDS
dic-13;17/09/2012;L;
dic-13;18/09/2012;M;
dic-13;19/09/2012;X;
dic-13;20/09/2012;J;
dic-13;21/09/2012;V;
;22/09/2012;S;FDS
;23/09/2012;D;FDS
dic-13;24/09/2012;L;
dic-13;25/09/2012;M;
dic-13;26/09/2012;X;
dic-13;27/09/2012;J;
dic-13;28/09/2012;V;
;29/09/2012;S;FDS
;30/09/2012;D;FDS
dic-13;01/10/2012;L;
dic-13;02/10/2012;M;
dic-13;03/10/2012;X;
dic-13;04/10/2012;J;
dic-13;05/10/2012;V;
;06/10/2012;S;FDS
;07/10/2012;D;FDS
dic-13;08/10/2012;L;
dic-13;09/10/2012;M;
dic-13;10/10/2012;X;
dic-13;11/10/2012;J;
;12/10/2012;V;FEST
;13/10/2012;S;FDS
;14/10/2012;D;FDS
dic-13;15/10/2012;L;
dic-13;16/10/2012;M;
dic-13;17/10/2012;X;
dic-13;18/10/2012;J;
dic-13;19/10/2012;V;
;20/10/2012;S;FDS
;21/10/2012;D;FDS
dic-13;22/10/2012;L;
dic-13;23/10/2012;M;
dic-13;24/10/2012;X;
dic-13;25/10/2012;J;
dic-13;26/10/2012;V;
;27/10/2012;S;FDS
;28/10/2012;D;FDS
dic-13;29/10/2012;L;
dic-13;30/10/2012;M;
dic-13;31/10/2012;X;
;01/11/2012;J;FEST
;02/11/2012;V;NL
;03/11/2012;S;FDS
;04/11/2012;D;FDS
dic-13;05/11/2012;L;
dic-13;06/11/2012;M;
dic-13;07/11/2012;X;
dic-13;08/11/2012;J;
dic-13;09/11/2012;V;
;10/11/2012;S;FDS
;11/11/2012;D;FDS
dic-13;12/11/2012;L;
dic-13;13/11/2012;M;
dic-13;14/11/2012;X;
dic-13;15/11/2012;J;
dic-13;16/11/2012;V;
;17/11/2012;S;FDS
;18/11/2012;D;FDS
dic-13;19/11/2012;L;
dic-13;20/11/2012;M;
dic-13;21/11/2012;X;
dic-13;22/11/2012;J;
dic-13;23/11/2012;V;
;24/11/2012;S;FDS
;25/11/2012;D;FDS
dic-13;26/11/2012;L;
dic-13;27/11/2012;M;
dic-13;28/11/2012;X;
dic-13;29/11/2012;J;
dic-13;30/11/2012;V;
;01/12/2012;S;FDS
;02/12/2012;D;FDS
dic-13;03/12/2012;L;
dic-13;04/12/2012;M;
dic-13;05/12/2012;X;
;06/12/2012;J;FEST
;07/12/2012;V;NL
;08/12/2012;S;FDS
;09/12/2012;D;FDS
dic-13;10/12/2012;L;
dic-13;11/12/2012;M;
dic-13;12/12/2012;X;
dic-13;13/12/2012;J;
dic-13;14/12/2012;V;
;15/12/2012;S;FDS
;16/12/2012;D;FDS
dic-13;17/12/2012;L;
dic-13;18/12/2012;M;
dic-13;19/12/2012;X;
dic-13;20/12/2012;J;
dic-13;21/12/2012;V;VISP VAC
;22/12/2012;S;FDS
;23/12/2012;D;FDS
;24/12/2012;L;VAC
;25/12/2012;M;VAC
;26/12/2012;X;VAC
;27/12/2012;J;VAC
;28/12/2012;V;VAC
;29/12/2012;S;FDS
;30/12/2012;D;FDS
;31/12/2012;L;VAC
;01/01/2013;M;VAC
;02/01/2013;X;VAC
;03/01/2013;J;VAC
;04/01/2013;V;VAC
;05/01/2013;S;FDS
;06/01/2013;D;FDS
;07/01/2013;L;VAC
dic-13;08/01/2013;M;VUELTA VAC
dic-13;09/01/2013;X;
dic-13;10/01/2013;J;
dic-13;11/01/2013;V;
;12/01/2013;S;FDS
;13/01/2013;D;FDS
dic-13;14/01/2013;L;
dic-13;15/01/2013;M;
dic-13;16/01/2013;X;
dic-13;17/01/2013;J;
dic-13;18/01/2013;V;
;19/01/2013;S;FDS
;20/01/2013;D;FDS
dic-13;21/01/2013;L;
dic-13;22/01/2013;M;
dic-13;23/01/2013;X;
dic-13;24/01/2013;J;
dic-13;25/01/2013;V;
;26/01/2013;S;FDS
;27/01/2013;D;FDS
;28/01/2013;L;NL
dic-13;29/01/2013;M;
dic-13;30/01/2013;X;
dic-13;31/01/2013;J;
dic-13;01/02/2013;V;
;02/02/2013;S;FDS
;03/02/2013;D;FDS
dic-13;04/02/2013;L;
dic-13;05/02/2013;M;
dic-13;06/02/2013;X;
dic-13;07/02/2013;J;
dic-13;08/02/2013;V;
;09/02/2013;S;FDS
;10/02/2013;D;FDS
dic-13;11/02/2013;L;
dic-13;12/02/2013;M;
dic-13;13/02/2013;X;
dic-13;14/02/2013;J;
dic-13;15/02/2013;V;
;16/02/2013;S;FDS
;17/02/2013;D;FDS
dic-13;18/02/2013;L;
dic-13;19/02/2013;M;
dic-13;20/02/2013;X;
dic-13;21/02/2013;J;
dic-13;22/02/2013;V;
;23/02/2013;S;FDS
;24/02/2013;D;FDS
dic-13;25/02/2013;L;
dic-13;26/02/2013;M;
dic-13;27/02/2013;X;
dic-13;28/02/2013;J;
dic-13;01/03/2013;V;
;02/03/2013;S;FDS
;03/03/2013;D;FDS
dic-13;04/03/2013;L;
dic-13;05/03/2013;M;
dic-13;06/03/2013;X;
dic-13;07/03/2013;J;
dic-13;08/03/2013;V;
;09/03/2013;S;FDS
;10/03/2013;D;FDS
dic-13;11/03/2013;L;
dic-13;12/03/2013;M;
dic-13;13/03/2013;X;
dic-13;14/03/2013;J;
dic-13;15/03/2013;V;
;16/03/2013;S;FDS
;17/03/2013;D;FDS
;18/03/2013;L;NL
dic-13;19/03/2013;M;
dic-13;20/03/2013;X;
dic-13;21/03/2013;J;VISP VAC
;22/03/2013;V;VAC
;23/03/2013;S;FDS
;24/03/2013;D;FDS
;25/03/2013;L;VAC
;26/03/2013;M;VAC
;27/03/2013;X;VAC
;28/03/2013;J;VAC
;29/03/2013;V;VAC
;30/03/2013;S;FDS
;31/03/2013;D;FDS
;01/04/2013;L;VUELTA VAC
dic-13;02/04/2013;M;
dic-13;03/04/2013;X;
dic-13;04/04/2013;J;
dic-13;05/04/2013;V;
;06/04/2013;S;FDS
;07/04/2013;D;FDS
dic-13;08/04/2013;L;
dic-13;09/04/2013;M;
dic-13;10/04/2013;X;
dic-13;11/04/2013;J;
dic-13;12/04/2013;V;
;13/04/2013;S;FDS
;14/04/2013;D;FDS
dic-13;15/04/2013;L;
dic-13;16/04/2013;M;
dic-13;17/04/2013;X;
dic-13;18/04/2013;J;
dic-13;19/04/2013;V;
;20/04/2013;S;FDS
;21/04/2013;D;FDS
dic-13;22/04/2013;L;
dic-13;23/04/2013;M;
dic-13;24/04/2013;X;
dic-13;25/04/2013;J;
dic-13;26/04/2013;V;
;27/04/2013;S;FDS
;28/04/2013;D;FDS
dic-13;29/04/2013;L;
dic-13;30/04/2013;M;
;01/05/2013;X;FEST
;02/05/2013;J;FEST
;03/05/2013;V;NL
;04/05/2013;S;FDS
;05/05/2013;D;FDS
dic-13;06/05/2013;L;
dic-13;07/05/2013;M;
dic-13;08/05/2013;X;
;09/05/2013;J;SD
dic-13;10/05/2013;V;
;11/05/2013;S;FDS
;12/05/2013;D;FDS
dic-13;13/05/2013;L;
dic-13;14/05/2013;M;
dic-13;15/05/2013;X;
dic-13;16/05/2013;J;
dic-13;17/05/2013;V;
;18/05/2013;S;FDS
;19/05/2013;D;FDS
dic-13;20/05/2013;L;
dic-13;21/05/2013;M;
dic-13;22/05/2013;X;
dic-13;23/05/2013;J;
dic-13;24/05/2013;V;
;25/05/2013;S;FDS
;26/05/2013;D;FDS
dic-13;27/05/2013;L;
dic-13;28/05/2013;M;
dic-13;29/05/2013;X;
dic-13;30/05/2013;J;
dic-13;31/05/2013;V;
;01/06/2013;S;FDS
;02/06/2013;D;FDS
dic-13;03/06/2013;L;
dic-13;04/06/2013;M;
dic-13;05/06/2013;X;
dic-13;06/06/2013;J;
dic-13;07/06/2013;V;
;08/06/2013;S;FDS
;09/06/2013;D;FDS
dic-13;10/06/2013;L;
dic-13;11/06/2013;M;
dic-13;12/06/2013;X;
dic-13;13/06/2013;J;
dic-13;14/06/2013;V;
;15/06/2013;S;FDS
;16/06/2013;D;FDS
dic-13;17/06/2013;L;
dic-13;18/06/2013;M;
dic-13;19/06/2013;X;
dic-13;20/06/2013;J;
dic-13;21/06/2013;V;
;22/06/2013;S;FDS
;23/06/2013;D;FDS
dic-13;24/06/2013;L;
dic-13;25/06/2013;M;VISP VAC
;26/06/2013;X;VAC
;27/06/2013;J;VAC
;28/06/2013;V;VAC
;29/06/2013;S;FDS
;30/06/2013;D;FDS
;01/07/2013;L;VAC
;02/07/2013;M;VAC
;03/07/2013;X;VAC
;04/07/2013;J;VAC
;05/07/2013;V;VAC
;06/07/2013;S;FDS
;07/07/2013;D;FDS
;08/07/2013;L;VAC
;09/07/2013;M;VAC
;10/07/2013;X;VAC
;11/07/2013;J;VAC
;12/07/2013;V;VAC
;13/07/2013;S;FDS
;14/07/2013;D;FDS
;15/07/2013;L;VAC
;16/07/2013;M;VAC
;17/07/2013;X;VAC
;18/07/2013;J;VAC
;19/07/2013;V;VAC
;20/07/2013;S;FDS
;21/07/2013;D;FDS
;22/07/2013;L;VAC
;23/07/2013;M;VAC
;24/07/2013;X;VAC
;25/07/2013;J;VAC
;26/07/2013;V;VAC
;27/07/2013;S;FDS
;28/07/2013;D;FDS
;29/07/2013;L;VAC
;30/07/2013;M;VAC
;31/07/2013;X;VAC
;01/08/2013;J;VAC
;02/08/2013;V;VAC
;03/08/2013;S;FDS
;04/08/2013;D;FDS
;05/08/2013;L;VAC
;06/08/2013;M;VAC
;07/08/2013;X;VAC
;08/08/2013;J;VAC
;09/08/2013;V;VAC
;10/08/2013;S;FDS
;11/08/2013;D;FDS
;12/08/2013;L;VAC
;13/08/2013;M;VAC
;14/08/2013;X;VAC
;15/08/2013;J;VAC
;16/08/2013;V;VAC
;17/08/2013;S;FDS
;18/08/2013;D;FDS
;19/08/2013;L;
;20/08/2013;M;
;21/08/2013;X;
;22/08/2013;J;
;23/08/2013;V;
;24/08/2013;S;FDS
;25/08/2013;D;FDS
;26/08/2013;L;
;27/08/2013;M;
;28/08/2013;X;
;29/08/2013;J;
;30/08/2013;V;
;31/08/2013;S;FDS
;01/09/2013;D;FDS
;02/09/2013;L;
;03/09/2013;M;
;04/09/2013;X;
;05/09/2013;J;
;06/09/2013;V;
;07/09/2013;S;FDS
;08/09/2013;D;FDS
;09/09/2013;L;VAC
13/14;10/09/2013;M;VUELTA VAC
13/14;11/09/2013;X;
13/14;12/09/2013;J;
13/14;13/09/2013;V;
;14/09/2013;S;FDS
;15/09/2013;D;FDS
13/14;16/09/2013;L;
13/14;17/09/2013;M;
13/14;18/09/2013;X;
13/14;19/09/2013;J;
13/14;20/09/2013;V;
;21/09/2013;S;FDS
;22/09/2013;D;FDS
13/14;23/09/2013;L;
13/14;24/09/2013;M;
13/14;25/09/2013;X;
13/14;26/09/2013;J;
13/14;27/09/2013;V;
;28/09/2013;S;FDS
;29/09/2013;D;FDS
13/14;30/09/2013;L;
13/14;01/10/2013;M;
13/14;02/10/2013;X;
13/14;03/10/2013;J;
13/14;04/10/2013;V;
;05/10/2013;S;FDS
;06/10/2013;D;FDS
13/14;07/10/2013;L;
13/14;08/10/2013;M;
13/14;09/10/2013;X;
13/14;10/10/2013;J;
13/14;11/10/2013;V;
;12/10/2013;S;FDS
;13/10/2013;D;FDS
13/14;14/10/2013;L;
13/14;15/10/2013;M;
13/14;16/10/2013;X;
13/14;17/10/2013;J;
13/14;18/10/2013;V;
;19/10/2013;S;FDS
;20/10/2013;D;FDS
13/14;21/10/2013;L;
13/14;22/10/2013;M;
13/14;23/10/2013;X;
13/14;24/10/2013;J;
13/14;25/10/2013;V;
;26/10/2013;S;FDS
;27/10/2013;D;FDS
13/14;28/10/2013;L;
13/14;29/10/2013;M;
13/14;30/10/2013;X;
13/14;31/10/2013;J;
;01/11/2013;V;FEST
;02/11/2013;S;FDS
;03/11/2013;D;FDS
13/14;04/11/2013;L;
13/14;05/11/2013;M;
13/14;06/11/2013;X;
13/14;07/11/2013;J;
13/14;08/11/2013;V;
;09/11/2013;S;FDS
;10/11/2013;D;FDS
13/14;11/11/2013;L;
13/14;12/11/2013;M;
13/14;13/11/2013;X;
13/14;14/11/2013;J;
13/14;15/11/2013;V;
;16/11/2013;S;FDS
;17/11/2013;D;FDS
13/14;18/11/2013;L;
13/14;19/11/2013;M;
13/14;20/11/2013;X;
13/14;21/11/2013;J;
13/14;22/11/2013;V;
;23/11/2013;S;FDS
;24/11/2013;D;FDS
13/14;25/11/2013;L;
13/14;26/11/2013;M;
13/14;27/11/2013;X;
13/14;28/11/2013;J;
13/14;29/11/2013;V;
;30/11/2013;S;FDS
;01/12/2013;D;FDS
13/14;02/12/2013;L;
13/14;03/12/2013;M;
13/14;04/12/2013;X;
13/14;05/12/2013;J;
;06/12/2013;V;FEST
;07/12/2013;S;FDS
;08/12/2013;D;FDS
13/14;09/12/2013;L;
13/14;10/12/2013;M;
13/14;11/12/2013;X;
13/14;12/12/2013;J;
13/14;13/12/2013;V;
;14/12/2013;S;FDS
;15/12/2013;D;FDS
13/14;16/12/2013;L;
13/14;17/12/2013;M;
13/14;18/12/2013;X;
13/14;19/12/2013;J;
13/14;20/12/2013;V;VISP VAC
;21/12/2013;S;FDS
;22/12/2013;D;FDS
;23/12/2013;L;VAC
;24/12/2013;M;VAC
;25/12/2013;X;VAC
;26/12/2013;J;VAC
;27/12/2013;V;VAC
;28/12/2013;S;FDS
;29/12/2013;D;FDS
;30/12/2013;L;VAC
;31/12/2013;M;VAC
;01/01/2014;X;VAC
;02/01/2014;J;VAC
;03/01/2014;V;VAC
;04/01/2014;S;FDS
;05/01/2014;D;FDS
;06/01/2014;L;VAC
;07/01/2014;M;VAC
13/14;08/01/2014;X;VUELTA VAC
13/14;09/01/2014;J;
13/14;10/01/2014;V;
;11/01/2014;S;FDS
;12/01/2014;D;FDS
13/14;13/01/2014;L;
13/14;14/01/2014;M;
13/14;15/01/2014;X;
13/14;16/01/2014;J;
13/14;17/01/2014;V;
;18/01/2014;S;FDS
;19/01/2014;D;FDS
13/14;20/01/2014;L;
13/14;21/01/2014;M;
13/14;22/01/2014;X;
13/14;23/01/2014;J;
13/14;24/01/2014;V;
;25/01/2014;S;FDS
;26/01/2014;D;FDS
13/14;27/01/2014;L;
13/14;28/01/2014;M;
13/14;29/01/2014;X;
13/14;30/01/2014;J;
;31/01/2014;V;NL
;01/02/2014;S;FDS
;02/02/2014;D;FDS
13/14;03/02/2014;L;
13/14;04/02/2014;M;
13/14;05/02/2014;X;
13/14;06/02/2014;J;
13/14;07/02/2014;V;
;08/02/2014;S;FDS
;09/02/2014;D;FDS
13/14;10/02/2014;L;
13/14;11/02/2014;M;
13/14;12/02/2014;X;
13/14;13/02/2014;J;
13/14;14/02/2014;V;
;15/02/2014;S;FDS
;16/02/2014;D;FDS
13/14;17/02/2014;L;
13/14;18/02/2014;M;
13/14;19/02/2014;X;
13/14;20/02/2014;J;
13/14;21/02/2014;V;
;22/02/2014;S;FDS
;23/02/2014;D;FDS
13/14;24/02/2014;L;
13/14;25/02/2014;M;
13/14;26/02/2014;X;
13/14;27/02/2014;J;
;28/02/2014;V;NL
;01/03/2014;S;FDS
;02/03/2014;D;FDS
13/14;03/03/2014;L;
13/14;04/03/2014;M;
13/14;05/03/2014;X;
13/14;06/03/2014;J;
13/14;07/03/2014;V;
;08/03/2014;S;FDS
;09/03/2014;D;FDS
13/14;10/03/2014;L;
13/14;11/03/2014;M;
13/14;12/03/2014;X;
13/14;13/03/2014;J;
13/14;14/03/2014;V;
;15/03/2014;S;FDS
;16/03/2014;D;FDS
13/14;17/03/2014;L;
13/14;18/03/2014;M;
13/14;19/03/2014;X;
13/14;20/03/2014;J;
13/14;21/03/2014;V;
;22/03/2014;S;FDS
;23/03/2014;D;FDS
13/14;24/03/2014;L;
13/14;25/03/2014;M;
13/14;26/03/2014;X;
13/14;27/03/2014;J;
13/14;28/03/2014;V;
;29/03/2014;S;FDS
;30/03/2014;D;FDS
13/14;31/03/2014;L;
13/14;01/04/2014;M;
13/14;02/04/2014;X;
13/14;03/04/2014;J;
13/14;04/04/2014;V;
;05/04/2014;S;FDS
;06/04/2014;D;FDS
13/14;07/04/2014;L;
13/14;08/04/2014;M;
13/14;09/04/2014;X;
13/14;10/04/2014;J;VISP VAC
;11/04/2014;V;VAC
;12/04/2014;S;FDS
;13/04/2014;D;FDS
;14/04/2014;L;VAC
;15/04/2014;M;VAC
;16/04/2014;X;VAC
;17/04/2014;J;VAC
;18/04/2014;V;VAC
;19/04/2014;S;FDS
;20/04/2014;D;FDS
;21/04/2014;L;VAC
13/14;22/04/2014;M;VUELTA VAC
13/14;23/04/2014;X;
13/14;24/04/2014;J;
13/14;25/04/2014;V;
;26/04/2014;S;FDS
;27/04/2014;D;FDS
13/14;28/04/2014;L;
13/14;29/04/2014;M;
13/14;30/04/2014;X;
;01/05/2014;J;FEST
;02/05/2014;V;NL
;03/05/2014;S;FDS
;04/05/2014;D;FDS
13/14;05/05/2014;L;
13/14;06/05/2014;M;
13/14;07/05/2014;X;
13/14;08/05/2014;J;
;09/05/2014;V;SD
;10/05/2014;S;FDS
;11/05/2014;D;FDS
13/14;12/05/2014;L;
13/14;13/05/2014;M;
13/14;14/05/2014;X;
13/14;15/05/2014;J;
13/14;16/05/2014;V;
;17/05/2014;S;FDS
;18/05/2014;D;FDS
13/14;19/05/2014;L;
13/14;20/05/2014;M;
13/14;21/05/2014;X;
13/14;22/05/2014;J;
13/14;23/05/2014;V;
;24/05/2014;S;FDS
;25/05/2014;D;FDS
13/14;26/05/2014;L;
13/14;27/05/2014;M;
13/14;28/05/2014;X;
13/14;29/05/2014;J;
;30/05/2014;V;NL
;31/05/2014;S;FDS
;01/06/2014;D;FDS
13/14;02/06/2014;L;
13/14;03/06/2014;M;
13/14;04/06/2014;X;
13/14;05/06/2014;J;
13/14;06/06/2014;V;
;07/06/2014;S;FDS
;08/06/2014;D;FDS
13/14;09/06/2014;L;
13/14;10/06/2014;M;
13/14;11/06/2014;X;
13/14;12/06/2014;J;
13/14;13/06/2014;V;
;14/06/2014;S;FDS
;15/06/2014;D;FDS
13/14;16/06/2014;L;
13/14;17/06/2014;M;
13/14;18/06/2014;X;
;19/06/2014;J;NL
13/14;20/06/2014;V;VISP VAC
;21/06/2014;S;FDS
;22/06/2014;D;FDS
;23/06/2014;L;VAC
;24/06/2014;M;VAC
;25/06/2014;X;VAC
;26/06/2014;J;VAC
;27/06/2014;V;VAC
;28/06/2014;S;FDS
;29/06/2014;D;FDS
;30/06/2014;L;VAC
;01/07/2014;M;VAC
;02/07/2014;X;VAC
;03/07/2014;J;VAC
;04/07/2014;V;VAC
;05/07/2014;S;FDS
;06/07/2014;D;FDS
;07/07/2014;L;
;08/07/2014;M;
;09/07/2014;X;
;10/07/2014;J;
;11/07/2014;V;
;12/07/2014;S;FDS
;13/07/2014;D;FDS
;14/07/2014;L;
;15/07/2014;M;
;16/07/2014;X;
;17/07/2014;J;
;18/07/2014;V;
;19/07/2014;S;FDS
;20/07/2014;D;FDS
;21/07/2014;L;
;22/07/2014;M;
;23/07/2014;X;
;24/07/2014;J;
;25/07/2014;V;
;26/07/2014;S;FDS
;27/07/2014;D;FDS
;28/07/2014;L;
;29/07/2014;M;
;30/07/2014;X;
;31/07/2014;J;
;01/08/2014;V;
;02/08/2014;S;FDS
;03/08/2014;D;FDS
;04/08/2014;L;
;05/08/2014;M;
;06/08/2014;X;
;07/08/2014;J;
;08/08/2014;V;
;09/08/2014;S;FDS
;10/08/2014;D;FDS
;11/08/2014;L;
;12/08/2014;M;
;13/08/2014;X;
;14/08/2014;J;
;15/08/2014;V;
;16/08/2014;S;FDS
;17/08/2014;D;FDS
;18/08/2014;L;
;19/08/2014;M;
;20/08/2014;X;
;21/08/2014;J;
;22/08/2014;V;
;23/08/2014;S;FDS
;24/08/2014;D;FDS
;25/08/2014;L;
;26/08/2014;M;
;27/08/2014;X;
;28/08/2014;J;
;29/08/2014;V;
;30/08/2014;S;FDS
;31/08/2014;D;FDS
;01/09/2014;L;
;02/09/2014;M;
;03/09/2014;X;
;04/09/2014;J;
;05/09/2014;V;
;06/09/2014;S;FDS
;07/09/2014;D;FDS
;08/09/2014;L;VAC
14/15;09/09/2014;M;VUELTA VAC
14/15;10/09/2014;X;
14/15;11/09/2014;J;
14/15;12/09/2014;V;
;13/09/2014;S;FDS
;14/09/2014;D;FDS
14/15;15/09/2014;L;
14/15;16/09/2014;M;
14/15;17/09/2014;X;
14/15;18/09/2014;J;
14/15;19/09/2014;V;
;20/09/2014;S;FDS
;21/09/2014;D;FDS
14/15;22/09/2014;L;
14/15;23/09/2014;M;
14/15;24/09/2014;X;
14/15;25/09/2014;J;
14/15;26/09/2014;V;
;27/09/2014;S;FDS
;28/09/2014;D;FDS
14/15;29/09/2014;L;
14/15;30/09/2014;M;
14/15;01/10/2014;X;
14/15;02/10/2014;J;
14/15;03/10/2014;V;
;04/10/2014;S;FDS
;05/10/2014;D;FDS
14/15;06/10/2014;L;
14/15;07/10/2014;M;
14/15;08/10/2014;X;
14/15;09/10/2014;J;
14/15;10/10/2014;V;
;11/10/2014;S;FDS
;12/10/2014;D;FDS
14/15;13/10/2014;L;
14/15;14/10/2014;M;
14/15;15/10/2014;X;
14/15;16/10/2014;J;
14/15;17/10/2014;V;
;18/10/2014;S;FDS
;19/10/2014;D;FDS
14/15;20/10/2014;L;
14/15;21/10/2014;M;
14/15;22/10/2014;X;
14/15;23/10/2014;J;
;24/10/2014;V;SD
;25/10/2014;S;FDS
;26/10/2014;D;FDS
14/15;27/10/2014;L;
14/15;28/10/2014;M;
14/15;29/10/2014;X;
14/15;30/10/2014;J;
;31/10/2014;V;FEST
;01/11/2014;S;FDS
;02/11/2014;D;FDS
14/15;03/11/2014;L;
14/15;04/11/2014;M;
14/15;05/11/2014;X;
14/15;06/11/2014;J;
14/15;07/11/2014;V;
;08/11/2014;S;FDS
;09/11/2014;D;FDS
14/15;10/11/2014;L;
14/15;11/11/2014;M;
14/15;12/11/2014;X;
14/15;13/11/2014;J;
14/15;14/11/2014;V;
;15/11/2014;S;FDS
;16/11/2014;D;FDS
14/15;17/11/2014;L;
14/15;18/11/2014;M;
14/15;19/11/2014;X;
14/15;20/11/2014;J;
14/15;21/11/2014;V;
;22/11/2014;S;FDS
;23/11/2014;D;FDS
14/15;24/11/2014;L;
14/15;25/11/2014;M;
14/15;26/11/2014;X;
14/15;27/11/2014;J;
;28/11/2014;V;NL
;29/11/2014;S;FDS
;30/11/2014;D;FDS
14/15;01/12/2014;L;
14/15;02/12/2014;M;
14/15;03/12/2014;X;
14/15;04/12/2014;J;
14/15;05/12/2014;V;
;06/12/2014;S;FDS
;07/12/2014;D;FDS
;08/12/2014;L;FEST
14/15;09/12/2014;M;
14/15;10/12/2014;X;
14/15;11/12/2014;J;
14/15;12/12/2014;V;
;13/12/2014;S;FDS
;14/12/2014;D;FDS
14/15;15/12/2014;L;
14/15;16/12/2014;M;
14/15;17/12/2014;X;
14/15;18/12/2014;J;
14/15;19/12/2014;V;VISP VAC
;20/12/2014;S;FDS
;21/12/2014;D;FDS
;22/12/2014;L;VAC
;23/12/2014;M;VAC
;24/12/2014;X;VAC
;25/12/2014;J;VAC
;26/12/2014;V;VAC
;27/12/2014;S;FDS
;28/12/2014;D;FDS
;29/12/2014;L;VAC
;30/12/2014;M;VAC
;31/12/2014;X;VAC
;01/01/2015;J;VAC
;02/01/2015;V;VAC
;03/01/2015;S;FDS
;04/01/2015;D;FDS
;05/01/2015;L;VAC
;06/01/2015;M;VAC
;07/01/2015;X;VAC
14/15;08/01/2015;J;VUELTA VAC
14/15;09/01/2015;V;
;10/01/2015;S;FDS
;11/01/2015;D;FDS
14/15;12/01/2015;L;
14/15;13/01/2015;M;
14/15;14/01/2015;X;
14/15;15/01/2015;J;
14/15;16/01/2015;V;
;17/01/2015;S;FDS
;18/01/2015;D;FDS
14/15;19/01/2015;L;
14/15;20/01/2015;M;
14/15;21/01/2015;X;
14/15;22/01/2015;J;
14/15;23/01/2015;V;
;24/01/2015;S;FDS
;25/01/2015;D;FDS
14/15;26/01/2015;L;
14/15;27/01/2015;M;
14/15;28/01/2015;X;
14/15;29/01/2015;J;
14/15;30/01/2015;V;
;31/01/2015;S;FDS
;01/02/2015;D;FDS
14/15;02/02/2015;L;
14/15;03/02/2015;M;
14/15;04/02/2015;X;
14/15;05/02/2015;J;
14/15;06/02/2015;V;
;07/02/2015;S;FDS
;08/02/2015;D;FDS
14/15;09/02/2015;L;
14/15;10/02/2015;M;
14/15;11/02/2015;X;
14/15;12/02/2015;J;
;13/02/2015;V;NL
;14/02/2015;S;FDS
;15/02/2015;D;FDS
14/15;16/02/2015;L;
14/15;17/02/2015;M;
14/15;18/02/2015;X;
14/15;19/02/2015;J;
14/15;20/02/2015;V;
;21/02/2015;S;FDS
;22/02/2015;D;FDS
14/15;23/02/2015;L;
14/15;24/02/2015;M;
14/15;25/02/2015;X;
14/15;26/02/2015;J;
14/15;27/02/2015;V;
;28/02/2015;S;FDS
;01/03/2015;D;FDS
14/15;02/03/2015;L;
14/15;03/03/2015;M;
14/15;04/03/2015;X;
14/15;05/03/2015;J;
14/15;06/03/2015;V;
;07/03/2015;S;FDS
;08/03/2015;D;FDS
14/15;09/03/2015;L;
14/15;10/03/2015;M;
14/15;11/03/2015;X;
14/15;12/03/2015;J;
;13/03/2015;V;NL
;14/03/2015;S;FDS
;15/03/2015;D;FDS
14/15;16/03/2015;L;
14/15;17/03/2015;M;
14/15;18/03/2015;X;
;19/03/2015;J;FEST
14/15;20/03/2015;V;
;21/03/2015;S;FDS
;22/03/2015;D;FDS
14/15;23/03/2015;L;
14/15;24/03/2015;M;
14/15;25/03/2015;X;
14/15;26/03/2015;J;VISP VAC
;27/03/2015;V;VAC
;28/03/2015;S;FDS
;29/03/2015;D;FDS
;30/03/2015;L;VAC
;31/03/2015;M;VAC
;01/04/2015;X;VAC
;02/04/2015;J;VAC
;03/04/2015;V;VAC
;04/04/2015;S;FDS
;05/04/2015;D;FDS
;06/04/2015;L;VAC
14/15;07/04/2015;M;VUELTA VAC
14/15;08/04/2015;X;
14/15;09/04/2015;J;
14/15;10/04/2015;V;
;11/04/2015;S;FDS
;12/04/2015;D;FDS
14/15;13/04/2015;L;
14/15;14/04/2015;M;
14/15;15/04/2015;X;
14/15;16/04/2015;J;
14/15;17/04/2015;V;
;18/04/2015;S;FDS
;19/04/2015;D;FDS
14/15;20/04/2015;L;
14/15;21/04/2015;M;
14/15;22/04/2015;X;
;23/04/2015;J;SD
;24/04/2015;V;SD
;25/04/2015;S;FDS
;26/04/2015;D;FDS
;27/04/2015;L;SD
;28/04/2015;M;SD
;29/04/2015;X;SD
;30/04/2015;J;SD
;01/05/2015;V;SD
;02/05/2015;S;FDS
;03/05/2015;D;FDS
;04/05/2015;L;SD
;05/05/2015;M;SD
;06/05/2015;X;SD
;07/05/2015;J;SD
;08/05/2015;V;SD
;09/05/2015;S;FDS
;10/05/2015;D;FDS
;11/05/2015;L;SD
;12/05/2015;M;SD
;13/05/2015;X;SD
;14/05/2015;J;SD
;15/05/2015;V;SD
;16/05/2015;S;FDS
;17/05/2015;D;FDS
;18/05/2015;L;SD
;19/05/2015;M;SD
;20/05/2015;X;SD
;21/05/2015;J;SD
;22/05/2015;V;SD
;23/05/2015;S;FDS
;24/05/2015;D;FDS
;25/05/2015;L;SD
;26/05/2015;M;SD
;27/05/2015;X;SD
;28/05/2015;J;SD
;29/05/2015;V;SD
;30/05/2015;S;FDS
;31/05/2015;D;FDS
;01/06/2015;L;SD
;02/06/2015;M;SD
;03/06/2015;X;SD
;04/06/2015;J;SD
;05/06/2015;V;SD
;06/06/2015;S;FDS
;07/06/2015;D;FDS
;08/06/2015;L;SD
;09/06/2015;M;SD
;10/06/2015;X;SD
;11/06/2015;J;SD
;12/06/2015;V;SD
;13/06/2015;S;FDS
;14/06/2015;D;FDS
;15/06/2015;L;SD
;16/06/2015;M;SD
;17/06/2015;X;SD
;18/06/2015;J;SD
;19/06/2015;V;SD
;20/06/2015;S;FDS
;21/06/2015;D;FDS
;22/06/2015;L;SD
;23/06/2015;M;SD
;24/06/2015;X;SD
;25/06/2015;J;SD
;26/06/2015;V;SD
;27/06/2015;S;FDS
;28/06/2015;D;FDS
;29/06/2015;L;SD
;30/06/2015;M;SD
;01/07/2015;X;VAC
;02/07/2015;J;VAC
;03/07/2015;V;VAC
;04/07/2015;S;FDS
;05/07/2015;D;FDS
;06/07/2015;L;VAC
;07/07/2015;M;VAC
;08/07/2015;X;VAC
;09/07/2015;J;VAC
;10/07/2015;V;VAC
;11/07/2015;S;FDS
;12/07/2015;D;FDS
;13/07/2015;L;VAC
;14/07/2015;M;VAC
;15/07/2015;X;VAC
;16/07/2015;J;VAC
;17/07/2015;V;
;18/07/2015;S;FDS
;19/07/2015;D;FDS
;20/07/2015;L;
;21/07/2015;M;
;22/07/2015;X;
;23/07/2015;J;
;24/07/2015;V;
;25/07/2015;S;FDS
;26/07/2015;D;FDS
;27/07/2015;L;
;28/07/2015;M;
;29/07/2015;X;
;30/07/2015;J;
;31/07/2015;V;
;01/08/2015;S;FDS
;02/08/2015;D;FDS
;03/08/2015;L;
;04/08/2015;M;
;05/08/2015;X;
;06/08/2015;J;
;07/08/2015;V;
;08/08/2015;S;FDS
;09/08/2015;D;FDS
;10/08/2015;L;
;11/08/2015;M;
;12/08/2015;X;
;13/08/2015;J;
;14/08/2015;V;
;15/08/2015;S;FDS
;16/08/2015;D;FDS
;17/08/2015;L;
;18/08/2015;M;
;19/08/2015;X;
;20/08/2015;J;
;21/08/2015;V;
;22/08/2015;S;FDS
;23/08/2015;D;FDS
;24/08/2015;L;
;25/08/2015;M;
;26/08/2015;X;
;27/08/2015;J;
;28/08/2015;V;
;29/08/2015;S;FDS
;30/08/2015;D;FDS
;31/08/2015;L;
;01/09/2015;M;
;02/09/2015;X;
;03/09/2015;J;
;04/09/2015;V;
;05/09/2015;S;FDS
;06/09/2015;D;FDS
;07/09/2015;L;
;08/09/2015;M;
15/16;09/09/2015;X;VUELTA VAC
15/16;10/09/2015;J;
15/16;11/09/2015;V;
;12/09/2015;S;FDS
;13/09/2015;D;FDS
15/16;14/09/2015;L;
15/16;15/09/2015;M;
15/16;16/09/2015;X;
15/16;17/09/2015;J;
15/16;18/09/2015;V;
;19/09/2015;S;FDS
;20/09/2015;D;FDS
15/16;21/09/2015;L;
15/16;22/09/2015;M;
15/16;23/09/2015;X;
15/16;24/09/2015;J;
15/16;25/09/2015;V;
;26/09/2015;S;FDS
;27/09/2015;D;FDS
15/16;28/09/2015;L;
15/16;29/09/2015;M;
15/16;30/09/2015;X;
15/16;01/10/2015;J;
15/16;02/10/2015;V;
;03/10/2015;S;FDS
;04/10/2015;D;FDS
15/16;05/10/2015;L;
15/16;06/10/2015;M;
15/16;07/10/2015;X;
15/16;08/10/2015;J;
15/16;09/10/2015;V;
;10/10/2015;S;FDS
;11/10/2015;D;FDS
;12/10/2015;L;FEST
15/16;13/10/2015;M;
15/16;14/10/2015;X;
15/16;15/10/2015;J;
15/16;16/10/2015;V;
;17/10/2015;S;FDS
;18/10/2015;D;FDS
15/16;19/10/2015;L;
15/16;20/10/2015;M;
;21/10/2015;X;SD
15/16;22/10/2015;J;
15/16;23/10/2015;V;
;24/10/2015;S;FDS
;25/10/2015;D;FDS
15/16;26/10/2015;L;
15/16;27/10/2015;M;
15/16;28/10/2015;X;
15/16;29/10/2015;J;
15/16;30/10/2015;V;
;31/10/2015;S;FDS
;01/11/2015;D;FDS
;02/11/2015;L;NL
15/16;03/11/2015;M;
15/16;04/11/2015;X;
15/16;05/11/2015;J;
15/16;06/11/2015;V;
;07/11/2015;S;FDS
;08/11/2015;D;FDS
15/16;09/11/2015;L;
15/16;10/11/2015;M;
15/16;11/11/2015;X;
15/16;12/11/2015;J;
;13/11/2015;V;SD
;14/11/2015;S;FDS
;15/11/2015;D;FDS
15/16;16/11/2015;L;
15/16;17/11/2015;M;
;18/11/2015;X;SD
;19/11/2015;J;SD
15/16;20/11/2015;V;
;21/11/2015;S;FDS
;22/11/2015;D;FDS
15/16;23/11/2015;L;
15/16;24/11/2015;M;
15/16;25/11/2015;X;
15/16;26/11/2015;J;
15/16;27/11/2015;V;
;28/11/2015;S;FDS
;29/11/2015;D;FDS
15/16;30/11/2015;L;
15/16;01/12/2015;M;
15/16;02/12/2015;X;
15/16;03/12/2015;J;
15/16;04/12/2015;V;
;05/12/2015;S;FDS
;06/12/2015;D;FDS
;07/12/2015;L;NL
;08/12/2015;M;FEST
15/16;09/12/2015;X;
15/16;10/12/2015;J;
15/16;11/12/2015;V;
;12/12/2015;S;FDS
;13/12/2015;D;FDS
15/16;14/12/2015;L;
15/16;15/12/2015;M;
15/16;16/12/2015;X;
15/16;17/12/2015;J;
15/16;18/12/2015;V;VISP VAC
;19/12/2015;S;FDS
;20/12/2015;D;FDS
;21/12/2015;L;VAC
;22/12/2015;M;VAC
;23/12/2015;X;VAC
;24/12/2015;J;VAC
;25/12/2015;V;VAC
;26/12/2015;S;FDS
;27/12/2015;D;FDS
;28/12/2015;L;VAC
;29/12/2015;M;VAC
;30/12/2015;X;VAC
;31/12/2015;J;VAC
;01/01/2016;V;VAC
;02/01/2016;S;FDS
;03/01/2016;D;FDS
;04/01/2016;L;VAC
;05/01/2016;M;VAC
;06/01/2016;X;VAC
;07/01/2016;J;VAC
15/16;08/01/2016;V;VUELTA VAC
;09/01/2016;S;FDS
;10/01/2016;D;FDS
15/16;11/01/2016;L;
15/16;12/01/2016;M;
15/16;13/01/2016;X;
15/16;14/01/2016;J;
15/16;15/01/2016;V;
;16/01/2016;S;FDS
;17/01/2016;D;FDS
15/16;18/01/2016;L;
15/16;19/01/2016;M;
15/16;20/01/2016;X;
15/16;21/01/2016;J;
15/16;22/01/2016;V;
;23/01/2016;S;FDS
;24/01/2016;D;FDS
15/16;25/01/2016;L;
15/16;26/01/2016;M;
15/16;27/01/2016;X;
15/16;28/01/2016;J;
15/16;29/01/2016;V;
;30/01/2016;S;FDS
;31/01/2016;D;FDS
15/16;01/02/2016;L;
15/16;02/02/2016;M;
15/16;03/02/2016;X;
15/16;04/02/2016;J;
15/16;05/02/2016;V;
;06/02/2016;S;FDS
;07/02/2016;D;FDS
;08/02/2016;L;NL
15/16;09/02/2016;M;
;10/02/2016;X;SD
15/16;11/02/2016;J;
;12/02/2016;V;SD
;13/02/2016;S;FDS
;14/02/2016;D;FDS
;15/02/2016;L;SD
15/16;16/02/2016;M;
15/16;17/02/2016;X;
15/16;18/02/2016;J;
;19/02/2016;V;SD
;20/02/2016;S;FDS
;21/02/2016;D;FDS
15/16;22/02/2016;L;
15/16;23/02/2016;M;
15/16;24/02/2016;X;
15/16;25/02/2016;J;
15/16;26/02/2016;V;
;27/02/2016;S;FDS
;28/02/2016;D;FDS
;29/02/2016;L;SD
;01/03/2016;M;SD
;02/03/2016;X;SD
15/16;03/03/2016;J;
;04/03/2016;V;SD
;05/03/2016;S;FDS
;06/03/2016;D;FDS
15/16;07/03/2016;L;
15/16;08/03/2016;M;
15/16;09/03/2016;X;
15/16;10/03/2016;J;
15/16;11/03/2016;V;
;12/03/2016;S;FDS
;13/03/2016;D;FDS
15/16;14/03/2016;L;
15/16;15/03/2016;M;
15/16;16/03/2016;X;
15/16;17/03/2016;J;VISP VAC
;18/03/2016;V;VAC
;19/03/2016;S;FDS
;20/03/2016;D;FDS
;21/03/2016;L;VAC
;22/03/2016;M;VAC
;23/03/2016;X;VAC
;24/03/2016;J;VAC
;25/03/2016;V;VAC
;26/03/2016;S;FDS
;27/03/2016;D;FDS
;28/03/2016;L;VAC
;29/03/2016;M;VAC
15/16;30/03/2016;X;VUELTA VAC
15/16;31/03/2016;J;
15/16;01/04/2016;V;
;02/04/2016;S;FDS
;03/04/2016;D;FDS
15/16;04/04/2016;L;
15/16;05/04/2016;M;
15/16;06/04/2016;X;
15/16;07/04/2016;J;
15/16;08/04/2016;V;
;09/04/2016;S;FDS
;10/04/2016;D;FDS
15/16;11/04/2016;L;
15/16;12/04/2016;M;
15/16;13/04/2016;X;
15/16;14/04/2016;J;
;15/04/2016;V;SD
;16/04/2016;S;FDS
;17/04/2016;D;FDS
15/16;18/04/2016;L;
15/16;19/04/2016;M;
15/16;20/04/2016;X;
;21/04/2016;J;SD
;22/04/2016;V;SD
;23/04/2016;S;FDS
;24/04/2016;D;FDS
;25/04/2016;L;SD
15/16;26/04/2016;M;
15/16;27/04/2016;X;
;28/04/2016;J;SD
;29/04/2016;V;SD
;30/04/2016;S;FDS
;01/05/2016;D;FDS
;02/05/2016;L;FEST
15/16;03/05/2016;M;
;04/05/2016;X;SD
;05/05/2016;J;SD
;06/05/2016;V;SD
15/16;07/05/2016;S;FDS
;08/05/2016;D;FDS
;09/05/2016;L;SD
15/16;10/05/2016;M;
15/16;11/05/2016;X;
;12/05/2016;J;SD
15/16;13/05/2016;V;
;14/05/2016;S;FDS
;15/05/2016;D;FDS
15/16;16/05/2016;L;
15/16;17/05/2016;M;
15/16;18/05/2016;X;
15/16;19/05/2016;J;
15/16;20/05/2016;V;
;21/05/2016;S;FDS
;22/05/2016;D;FDS
;23/05/2016;L;SD
;24/05/2016;M;SD
;25/05/2016;X;SD
;26/05/2016;J;SD
;27/05/2016;V;SD
;28/05/2016;S;FDS
;29/05/2016;D;FDS
;30/05/2016;L;SD
15/16;31/05/2016;M;
;01/06/2016;X;SD
15/16;02/06/2016;J;
;03/06/2016;V;SD
;04/06/2016;S;FDS
;05/06/2016;D;FDS
15/16;06/06/2016;L;
15/16;07/06/2016;M;
15/16;08/06/2016;X;
15/16;09/06/2016;J;
;10/06/2016;V;SD
;11/06/2016;S;FDS
;12/06/2016;D;FDS
;13/06/2016;L;SD
15/16;14/06/2016;M;
;15/06/2016;X;SD
;16/06/2016;J;SD
;17/06/2016;V;SD
;18/06/2016;S;FDS
;19/06/2016;D;FDS
;20/06/2016;L;SD
;21/06/2016;M;SD
;22/06/2016;X;VAC
;23/06/2016;J;VAC
;24/06/2016;V;VAC
;25/06/2016;S;FDS
;26/06/2016;D;FDS
;27/06/2016;L;VAC
;28/06/2016;M;VAC
;29/06/2016;X;
;30/06/2016;J;
;01/07/2016;V;
;02/07/2016;S;FDS
;03/07/2016;D;FDS
;04/07/2016;L;
;05/07/2016;M;
;06/07/2016;X;
;07/07/2016;J;
;08/07/2016;V;
;09/07/2016;S;FDS
;10/07/2016;D;FDS
;11/07/2016;L;
;12/07/2016;M;
;13/07/2016;X;
;14/07/2016;J;
;15/07/2016;V;
;16/07/2016;S;FDS
;17/07/2016;D;FDS
;18/07/2016;L;
;19/07/2016;M;
;20/07/2016;X;
;21/07/2016;J;
;22/07/2016;V;
;23/07/2016;S;FDS
;24/07/2016;D;FDS
;25/07/2016;L;
;26/07/2016;M;
;27/07/2016;X;
;28/07/2016;J;
;29/07/2016;V;
;30/07/2016;S;FDS
;31/07/2016;D;FDS
;01/08/2016;L;
;02/08/2016;M;
;03/08/2016;X;
;04/08/2016;J;
;05/08/2016;V;
;06/08/2016;S;FDS
;07/08/2016;D;FDS
;08/08/2016;L;
;09/08/2016;M;
;10/08/2016;X;
;11/08/2016;J;
;12/08/2016;V;
;13/08/2016;S;FDS
;14/08/2016;D;FDS
;15/08/2016;L;
;16/08/2016;M;
;17/08/2016;X;
;18/08/2016;J;
;19/08/2016;V;
;20/08/2016;S;FDS
;21/08/2016;D;FDS
;22/08/2016;L;
;23/08/2016;M;
;24/08/2016;X;
;25/08/2016;J;
;26/08/2016;V;
;27/08/2016;S;FDS
;28/08/2016;D;FDS
;29/08/2016;L;
;30/08/2016;M;
;31/08/2016;X;
;01/09/2016;J;
;02/09/2016;V;
;03/09/2016;S;FDS
;04/09/2016;D;FDS
;05/09/2016;L;VAC
;06/09/2016;M;VAC
;07/09/2016;X;VAC
;08/09/2016;J;VAC
;09/09/2016;V;SD
;10/09/2016;S;FDS
;11/09/2016;D;FDS
16/17;12/09/2016;L;SD
;13/09/2016;M;SD
;14/09/2016;X;SD
;15/09/2016;J;SD
16/17;16/09/2016;V;
;17/09/2016;S;FDS
;18/09/2016;D;FDS
16/17;19/09/2016;L;
16/17;20/09/2016;M;
16/17;21/09/2016;X;
16/17;22/09/2016;J;
16/17;23/09/2016;V;
;24/09/2016;S;FDS
;25/09/2016;D;FDS
16/17;26/09/2016;L;
16/17;27/09/2016;M;
16/17;28/09/2016;X;
16/17;29/09/2016;J;
16/17;30/09/2016;V;
;01/10/2016;S;FDS
;02/10/2016;D;FDS
16/17;03/10/2016;L;
16/17;04/10/2016;M;
16/17;05/10/2016;X;
16/17;06/10/2016;J;
16/17;07/10/2016;V;
;08/10/2016;S;FDS
;09/10/2016;D;FDS
16/17;10/10/2016;L;
16/17;11/10/2016;M;
;12/10/2016;X;FEST
16/17;13/10/2016;J;
16/17;14/10/2016;V;
;15/10/2016;S;FDS
;16/10/2016;D;FDS
16/17;17/10/2016;L;
16/17;18/10/2016;M;
;19/10/2016;X;SD
;20/10/2016;J;SD
16/17;21/10/2016;V;
;22/10/2016;S;FDS
;23/10/2016;D;FDS
;24/10/2016;L;SD
;25/10/2016;M;SD
;26/10/2016;X;SD
16/17;27/10/2016;J;
16/17;28/10/2016;V;
;29/10/2016;S;FDS
;30/10/2016;D;FDS
;31/10/2016;L;NL
;01/11/2016;M;FEST
;02/11/2016;X;SD
16/17;03/11/2016;J;
16/17;04/11/2016;V;
;05/11/2016;S;FDS
;06/11/2016;D;FDS
16/17;07/11/2016;L;
16/17;08/11/2016;M;
16/17;09/11/2016;X;
16/17;10/11/2016;J;
16/17;11/11/2016;V;
;12/11/2016;S;FDS
;13/11/2016;D;FDS
16/17;14/11/2016;L;
16/17;15/11/2016;M;
16/17;16/11/2016;X;
16/17;17/11/2016;J;
16/17;18/11/2016;V;
;19/11/2016;S;FDS
;20/11/2016;D;FDS
16/17;21/11/2016;L;
16/17;22/11/2016;M;
16/17;23/11/2016;X;
16/17;24/11/2016;J;
;25/11/2016;V;SD
;26/11/2016;S;FDS
;27/11/2016;D;FDS
16/17;28/11/2016;L;
16/17;29/11/2016;M;
16/17;30/11/2016;X;
16/17;01/12/2016;J;
16/17;02/12/2016;V;
;03/12/2016;S;FDS
;04/12/2016;D;FDS
16/17;05/12/2016;L;
;06/12/2016;M;FEST
16/17;07/12/2016;X;
;08/12/2016;J;FEST
;09/12/2016;V;NL
;10/12/2016;S;FDS
;11/12/2016;D;FDS
16/17;12/12/2016;L;
16/17;13/12/2016;M;
16/17;14/12/2016;X;
16/17;15/12/2016;J;
16/17;16/12/2016;V;
;17/12/2016;S;FDS
;18/12/2016;D;FDS
16/17;19/12/2016;L;
16/17;20/12/2016;M;
16/17;21/12/2016;X;
;22/12/2016;J;SD
;23/12/2016;V;VAC
;24/12/2016;S;FDS
;25/12/2016;D;FDS
;26/12/2016;L;VAC
;27/12/2016;M;VAC
;28/12/2016;X;VAC
;29/12/2016;J;VAC
;30/12/2016;V;VAC
;31/12/2016;S;FDS
;01/01/2017;D;FDS
;02/01/2017;L;
;03/01/2017;M;
;04/01/2017;X;
;05/01/2017;J;
;06/01/2017;V;
;07/01/2017;S;FDS
;08/01/2017;D;FDS
16/17;09/01/2017;L;VUELTA VAC
16/17;10/01/2017;M;
16/17;11/01/2017;X;
16/17;12/01/2017;J;
16/17;13/01/2017;V;
;14/01/2017;S;FDS
;15/01/2017;D;FDS
16/17;16/01/2017;L;
16/17;17/01/2017;M;
16/17;18/01/2017;X;
16/17;19/01/2017;J;
16/17;20/01/2017;V;
;21/01/2017;S;FDS
;22/01/2017;D;FDS
16/17;23/01/2017;L;
16/17;24/01/2017;M;
16/17;25/01/2017;X;
16/17;26/01/2017;J;
16/17;27/01/2017;V;
;28/01/2017;S;FDS
;29/01/2017;D;FDS
16/17;30/01/2017;L;
16/17;31/01/2017;M;
;01/02/2017;X;SD
;02/02/2017;J;SD
16/17;03/02/2017;V;
;04/02/2017;S;FDS
;05/02/2017;D;FDS
16/17;06/02/2017;L;
16/17;07/02/2017;M;
16/17;08/02/2017;X;
16/17;09/02/2017;J;
16/17;10/02/2017;V;
;11/02/2017;S;FDS
;12/02/2017;D;FDS
16/17;13/02/2017;L;
16/17;14/02/2017;M;
16/17;15/02/2017;X;
16/17;16/02/2017;J;
;17/02/2017;V;NL
;18/02/2017;S;FDS
;19/02/2017;D;FDS
16/17;20/02/2017;L;
;21/02/2017;M;SD
16/17;22/02/2017;X;
16/17;23/02/2017;J;
;24/02/2017;V;SD
;25/02/2017;S;FDS
;26/02/2017;D;FDS
16/17;27/02/2017;L;
16/17;28/02/2017;M;
;01/03/2017;X;SD
16/17;02/03/2017;J;
16/17;03/03/2017;V;
;04/03/2017;S;FDS
;05/03/2017;D;FDS
16/17;06/03/2017;L;
16/17;07/03/2017;M;
16/17;08/03/2017;X;
16/17;09/03/2017;J;
16/17;10/03/2017;V;
;11/03/2017;S;FDS
;12/03/2017;D;FDS
16/17;13/03/2017;L;
16/17;14/03/2017;M;
16/17;15/03/2017;X;
16/17;16/03/2017;J;
;17/03/2017;V;NL
;18/03/2017;S;FDS
;19/03/2017;D;FDS
;20/03/2017;L;FEST
16/17;21/03/2017;M;
16/17;22/03/2017;X;
16/17;23/03/2017;J;
16/17;24/03/2017;V;
;25/03/2017;S;FDS
;26/03/2017;D;FDS
16/17;27/03/2017;L;
16/17;28/03/2017;M;
16/17;29/03/2017;X;
16/17;30/03/2017;J;
16/17;31/03/2017;V;
;01/04/2017;S;FDS
;02/04/2017;D;FDS
16/17;03/04/2017;L;
16/17;04/04/2017;M;
16/17;05/04/2017;X;
;06/04/2017;J;SD
;07/04/2017;V;VAC
;08/04/2017;S;FDS
;09/04/2017;D;FDS
;10/04/2017;L;VAC
;11/04/2017;M;VAC
;12/04/2017;X;VAC
;13/04/2017;J;VAC
;14/04/2017;V;VAC
;15/04/2017;S;FDS
;16/04/2017;D;FDS
;17/04/2017;L;VAC
16/17;18/04/2017;M;VUELTA VAC
16/17;19/04/2017;X;
16/17;20/04/2017;J;
16/17;21/04/2017;V;
;22/04/2017;S;FDS
;23/04/2017;D;FDS
16/17;24/04/2017;L;
16/17;25/04/2017;M;
16/17;26/04/2017;X;
16/17;27/04/2017;J;
16/17;28/04/2017;V;
;29/04/2017;S;FDS
;30/04/2017;D;FDS
;01/05/2017;L;FEST
;02/05/2017;M;FEST
16/17;03/05/2017;X;
16/17;04/05/2017;J;
16/17;05/05/2017;V;
;06/05/2017;S;FDS
;07/05/2017;D;FDS
;08/05/2017;L;SD
;09/05/2017;M;SD
16/17;10/05/2017;X;
16/17;11/05/2017;J;
16/17;12/05/2017;V;
;13/05/2017;S;FDS
;14/05/2017;D;FDS
16/17;15/05/2017;L;
16/17;16/05/2017;M;
16/17;17/05/2017;X;
16/17;18/05/2017;J;
;19/05/2017;V;SD
;20/05/2017;S;FDS
;21/05/2017;D;FDS
16/17;22/05/2017;L;
16/17;23/05/2017;M;
16/17;24/05/2017;X;
16/17;25/05/2017;J;
16/17;26/05/2017;V;
;27/05/2017;S;FDS
;28/05/2017;D;FDS
16/17;29/05/2017;L;
16/17;30/05/2017;M;
16/17;31/05/2017;X;
16/17;01/06/2017;J;
16/17;02/06/2017;V;
;03/06/2017;S;FDS
;04/06/2017;D;FDS
16/17;05/06/2017;L;
16/17;06/06/2017;M;
16/17;07/06/2017;X;
16/17;08/06/2017;J;
16/17;09/06/2017;V;
;10/06/2017;S;FDS
;11/06/2017;D;FDS
;12/06/2017;L;SD
16/17;13/06/2017;M;
16/17;14/06/2017;X;
16/17;15/06/2017;J;
16/17;16/06/2017;V;
;17/06/2017;S;FDS
;18/06/2017;D;FDS
16/17;19/06/2017;L;
16/17;20/06/2017;M;
16/17;21/06/2017;X;
;22/06/2017;J;SD
;23/06/2017;V;VAC
;24/06/2017;S;FDS
;25/06/2017;D;FDS
;26/06/2017;L;VAC
;27/06/2017;M;VAC
;28/06/2017;X;VAC
;29/06/2017;J;VAC
;30/06/2017;V;VAC
;01/07/2017;S;FDS
;02/07/2017;D;FDS
;03/07/2017;L;VAC
;04/07/2017;M;VAC
;05/07/2017;X;
;06/07/2017;J;
;07/07/2017;V;
;08/07/2017;S;FDS
;09/07/2017;D;FDS
;10/07/2017;L;
;11/07/2017;M;
;12/07/2017;X;
;13/07/2017;J;
;14/07/2017;V;
;15/07/2017;S;FDS
;16/07/2017;D;FDS
;17/07/2017;L;
;18/07/2017;M;
;19/07/2017;X;
;20/07/2017;J;
;21/07/2017;V;
;22/07/2017;S;FDS
;23/07/2017;D;FDS
;24/07/2017;L;
;25/07/2017;M;
;26/07/2017;X;
;27/07/2017;J;
;28/07/2017;V;
;29/07/2017;S;FDS
;30/07/2017;D;FDS
;31/07/2017;L;
;01/08/2017;M;
;02/08/2017;X;
;03/08/2017;J;
;04/08/2017;V;
;05/08/2017;S;FDS
;06/08/2017;D;FDS
;07/08/2017;L;
;08/08/2017;M;
;09/08/2017;X;
;10/08/2017;J;
;11/08/2017;V;
;12/08/2017;S;FDS
;13/08/2017;D;FDS
;14/08/2017;L;
;15/08/2017;M;
;16/08/2017;X;
;17/08/2017;J;
;18/08/2017;V;
;19/08/2017;S;FDS
;20/08/2017;D;FDS
;21/08/2017;L;
;22/08/2017;M;
;23/08/2017;X;
;24/08/2017;J;
;25/08/2017;V;
;26/08/2017;S;FDS
;27/08/2017;D;FDS
;28/08/2017;L;
;29/08/2017;M;
;30/08/2017;X;
;31/08/2017;J;
;01/09/2017;V;
;02/09/2017;S;FDS
;03/09/2017;D;FDS
;04/09/2017;L;
;05/09/2017;M;
;06/09/2017;X;
;07/09/2017;J;
;08/09/2017;V;
;09/09/2017;S;FDS
;10/09/2017;D;FDS
;11/09/2017;L;SD
17/18;12/09/2017;M;
17/18;13/09/2017;X;
17/18;14/09/2017;J;
17/18;15/09/2017;V;
;16/09/2017;S;FDS
;17/09/2017;D;FDS
17/18;18/09/2017;L;
17/18;19/09/2017;M;
17/18;20/09/2017;X;
17/18;21/09/2017;J;
17/18;22/09/2017;V;
;23/09/2017;S;FDS
;24/09/2017;D;FDS
17/18;25/09/2017;L;
17/18;26/09/2017;M;
17/18;27/09/2017;X;
17/18;28/09/2017;J;
17/18;29/09/2017;V;
;30/09/2017;S;FDS
;01/10/2017;D;FDS
17/18;02/10/2017;L;
17/18;03/10/2017;M;
17/18;04/10/2017;X;
17/18;05/10/2017;J;
17/18;06/10/2017;V;
;07/10/2017;S;FDS
;08/10/2017;D;FDS
17/18;09/10/2017;L;
17/18;10/10/2017;M;
17/18;11/10/2017;X;
;12/10/2017;J;FEST
;13/10/2017;V;NL
;14/10/2017;S;FDS
;15/10/2017;D;FDS
17/18;16/10/2017;L;
17/18;17/10/2017;M;
17/18;18/10/2017;X;
17/18;19/10/2017;J;
17/18;20/10/2017;V;
;21/10/2017;S;FDS
;22/10/2017;D;FDS
17/18;23/10/2017;L;
17/18;24/10/2017;M;
17/18;25/10/2017;X;
17/18;26/10/2017;J;
17/18;27/10/2017;V;
;28/10/2017;S;FDS
;29/10/2017;D;FDS
17/18;30/10/2017;L;
17/18;31/10/2017;M;
;01/11/2017;X;FEST
17/18;02/11/2017;J;
17/18;03/11/2017;V;
;04/11/2017;S;FDS
;05/11/2017;D;FDS
17/18;06/11/2017;L;
17/18;07/11/2017;M;
17/18;08/11/2017;X;
17/18;09/11/2017;J;
17/18;10/11/2017;V;
;11/11/2017;S;FDS
;12/11/2017;D;FDS
17/18;13/11/2017;L;
17/18;14/11/2017;M;
17/18;15/11/2017;X;
17/18;16/11/2017;J;
17/18;17/11/2017;V;
;18/11/2017;S;FDS
;19/11/2017;D;FDS
17/18;20/11/2017;L;
17/18;21/11/2017;M;
17/18;22/11/2017;X;
17/18;23/11/2017;J;
17/18;24/11/2017;V;
;25/11/2017;S;FDS
;26/11/2017;D;FDS
17/18;27/11/2017;L;
17/18;28/11/2017;M;
17/18;29/11/2017;X;
17/18;30/11/2017;J;
;01/12/2017;V;SD
;02/12/2017;S;FDS
;03/12/2017;D;FDS
17/18;04/12/2017;L;
17/18;05/12/2017;M;
;06/12/2017;X;FEST
;07/12/2017;J;NL
;08/12/2017;V;FEST
;09/12/2017;S;FDS
;10/12/2017;D;FDS
17/18;11/12/2017;L;
17/18;12/12/2017;M;
17/18;13/12/2017;X;
17/18;14/12/2017;J;
17/18;15/12/2017;V;
;16/12/2017;S;FDS
;17/12/2017;D;FDS
17/18;18/12/2017;L;
;19/12/2017;M;SD
17/18;20/12/2017;X;
17/18;21/12/2017;J;
17/18;22/12/2017;V;VISP VAC
;23/12/2017;S;FDS
;24/12/2017;D;FDS
;25/12/2017;L;VAC
;26/12/2017;M;VAC
;27/12/2017;X;VAC
;28/12/2017;J;VAC
;29/12/2017;V;VAC
;30/12/2017;S;FDS
;31/12/2017;D;FDS
;01/01/2018;L;VAC
;02/01/2018;M;VAC
;03/01/2018;X;VAC
;04/01/2018;J;VAC
;05/01/2018;V;VAC
;06/01/2018;S;FDS
;07/01/2018;D;FDS
17/18;08/01/2018;L;VUELTA VAC
17/18;09/01/2018;M;
17/18;10/01/2018;X;
17/18;11/01/2018;J;
17/18;12/01/2018;V;
;13/01/2018;S;FDS
;14/01/2018;D;FDS
17/18;15/01/2018;L;
17/18;16/01/2018;M;
17/18;17/01/2018;X;
17/18;18/01/2018;J;
17/18;19/01/2018;V;
;20/01/2018;S;FDS
;21/01/2018;D;FDS
17/18;22/01/2018;L;
17/18;23/01/2018;M;
17/18;24/01/2018;X;
17/18;25/01/2018;J;
17/18;26/01/2018;V;
;27/01/2018;S;FDS
;28/01/2018;D;FDS
17/18;29/01/2018;L;
17/18;30/01/2018;M;
17/18;31/01/2018;X;
17/18;01/02/2018;J;
17/18;02/02/2018;V;
;03/02/2018;S;FDS
;04/02/2018;D;FDS
17/18;05/02/2018;L;
17/18;06/02/2018;M;
17/18;07/02/2018;X;
17/18;08/02/2018;J;
17/18;09/02/2018;V;
;10/02/2018;S;FDS
;11/02/2018;D;FDS
17/18;12/02/2018;L;
17/18;13/02/2018;M;
17/18;14/02/2018;X;
;15/02/2018;J;NL
;16/02/2018;V;NL
;17/02/2018;S;FDS
;18/02/2018;D;FDS
17/18;19/02/2018;L;
17/18;20/02/2018;M;
17/18;21/02/2018;X;
17/18;22/02/2018;J;
;23/02/2018;V;SD
;24/02/2018;S;FDS
;25/02/2018;D;FDS
17/18;26/02/2018;L;
17/18;27/02/2018;M;
17/18;28/02/2018;X;
17/18;01/03/2018;J;
17/18;02/03/2018;V;
;03/03/2018;S;FDS
;04/03/2018;D;FDS
17/18;05/03/2018;L;
17/18;06/03/2018;M;
17/18;07/03/2018;X;
17/18;08/03/2018;J;
17/18;09/03/2018;V;
;10/03/2018;S;FDS
;11/03/2018;D;FDS
17/18;12/03/2018;L;
17/18;13/03/2018;M;
17/18;14/03/2018;X;
17/18;15/03/2018;J;
17/18;16/03/2018;V;
;17/03/2018;S;FDS
;18/03/2018;D;FDS
17/18;19/03/2018;L;
17/18;20/03/2018;M;
17/18;21/03/2018;X;
17/18;22/03/2018;J;VISP VAC
;23/03/2018;V;VAC
;24/03/2018;S;FDS
;25/03/2018;D;FDS
;26/03/2018;L;VAC
;27/03/2018;M;VAC
;28/03/2018;X;VAC
;29/03/2018;J;VAC
;30/03/2018;V;VAC
;31/03/2018;S;FDS
;01/04/2018;D;FDS
;02/04/2018;L;VAC
17/18;03/04/2018;M;VUELTA VAC
17/18;04/04/2018;X;
17/18;05/04/2018;J;
17/18;06/04/2018;V;
;07/04/2018;S;FDS
;08/04/2018;D;FDS
17/18;09/04/2018;L;
17/18;10/04/2018;M;
17/18;11/04/2018;X;
17/18;12/04/2018;J;
17/18;13/04/2018;V;
;14/04/2018;S;FDS
;15/04/2018;D;FDS
17/18;16/04/2018;L;
17/18;17/04/2018;M;
17/18;18/04/2018;X;
17/18;19/04/2018;J;
17/18;20/04/2018;V;
;21/04/2018;S;FDS
;22/04/2018;D;FDS
17/18;23/04/2018;L;
17/18;24/04/2018;M;
17/18;25/04/2018;X;
17/18;26/04/2018;J;
17/18;27/04/2018;V;
;28/04/2018;S;FDS
;29/04/2018;D;FDS
;30/04/2018;L;NL
;01/05/2018;M;FEST
;02/05/2018;X;FEST
17/18;03/05/2018;J;
17/18;04/05/2018;V;
;05/05/2018;S;FDS
;06/05/2018;D;FDS
17/18;07/05/2018;L;
17/18;08/05/2018;M;
;09/05/2018;X;SD
17/18;10/05/2018;J;
17/18;11/05/2018;V;
;12/05/2018;S;FDS
;13/05/2018;D;FDS
17/18;14/05/2018;L;
17/18;15/05/2018;M;
17/18;16/05/2018;X;
17/18;17/05/2018;J;
17/18;18/05/2018;V;
;19/05/2018;S;FDS
;20/05/2018;D;FDS
17/18;21/05/2018;L;
17/18;22/05/2018;M;
17/18;23/05/2018;X;
17/18;24/05/2018;J;
17/18;25/05/2018;V;
;26/05/2018;S;FDS
;27/05/2018;D;FDS
17/18;28/05/2018;L;
17/18;29/05/2018;M;
17/18;30/05/2018;X;
17/18;31/05/2018;J;
17/18;01/06/2018;V;
;02/06/2018;S;FDS
;03/06/2018;D;FDS
17/18;04/06/2018;L;
17/18;05/06/2018;M;
17/18;06/06/2018;X;
17/18;07/06/2018;J;
17/18;08/06/2018;V;
;09/06/2018;S;FDS
;10/06/2018;D;FDS
17/18;11/06/2018;L;
17/18;12/06/2018;M;
17/18;13/06/2018;X;
17/18;14/06/2018;J;
17/18;15/06/2018;V;
;16/06/2018;S;FDS
;17/06/2018;D;FDS
17/18;18/06/2018;L;
17/18;19/06/2018;M;
;20/06/2018;X;SD
;21/06/2018;J;SD
17/18;22/06/2018;V;VISP VAC
;23/06/2018;S;FDS
;24/06/2018;D;FDS
;25/06/2018;L;VAC
;26/06/2018;M;VAC
;27/06/2018;X;VAC
;28/06/2018;J;VAC
;29/06/2018;V;VAC
;30/06/2018;S;FDS
;01/07/2018;D;FDS
;02/07/2018;L;VAC
;03/07/2018;M;VAC
;04/07/2018;X;VAC
;05/07/2018;J;
;06/07/2018;V;
;07/07/2018;S;FDS
;08/07/2018;D;FDS
;09/07/2018;L;
;10/07/2018;M;
;11/07/2018;X;
;12/07/2018;J;
;13/07/2018;V;
;14/07/2018;S;FDS
;15/07/2018;D;FDS
;16/07/2018;L;
;17/07/2018;M;
;18/07/2018;X;
;19/07/2018;J;
;20/07/2018;V;
;21/07/2018;S;FDS
;22/07/2018;D;FDS
;23/07/2018;L;
;24/07/2018;M;
;25/07/2018;X;
;26/07/2018;J;
;27/07/2018;V;
;28/07/2018;S;FDS
;29/07/2018;D;FDS
;30/07/2018;L;
;31/07/2018;M;
;01/08/2018;X;
;02/08/2018;J;
;03/08/2018;V;
;04/08/2018;S;FDS
;05/08/2018;D;FDS
;06/08/2018;L;
;07/08/2018;M;
;08/08/2018;X;
;09/08/2018;J;
;10/08/2018;V;
;11/08/2018;S;FDS
;12/08/2018;D;FDS
;13/08/2018;L;
;14/08/2018;M;
;15/08/2018;X;
;16/08/2018;J;
;17/08/2018;V;
;18/08/2018;S;FDS
;19/08/2018;D;FDS
;20/08/2018;L;
;21/08/2018;M;
;22/08/2018;X;
;23/08/2018;J;
;24/08/2018;V;
;25/08/2018;S;FDS
;26/08/2018;D;FDS
;27/08/2018;L;
;28/08/2018;M;
;29/08/2018;X;
;30/08/2018;J;
;31/08/2018;V;
;01/09/2018;S;FDS
;02/09/2018;D;FDS
;03/09/2018;L;VAC
;04/09/2018;M;VAC
;05/09/2018;X;VAC
;06/09/2018;J;VAC
18/19;07/09/2018;V;SD
;08/09/2018;S;FDS
;09/09/2018;D;FDS
18/19;10/09/2018;L;SD
;11/09/2018;M;SD
;12/09/2018;X;SD
;13/09/2018;J;SD
;14/09/2018;V;SD
;15/09/2018;S;FDS
;16/09/2018;D;FDS
;17/09/2018;L;SD
;18/09/2018;M;SD
;19/09/2018;X;SD
;20/09/2018;J;SD
;21/09/2018;V;SD
;22/09/2018;S;FDS
;23/09/2018;D;FDS
18/19;24/09/2018;L;
18/19;25/09/2018;M;
18/19;26/09/2018;X;
18/19;27/09/2018;J;
18/19;28/09/2018;V;
;29/09/2018;S;FDS
;30/09/2018;D;FDS
18/19;01/10/2018;L;
18/19;02/10/2018;M;
18/19;03/10/2018;X;
18/19;04/10/2018;J;
18/19;05/10/2018;V;
;06/10/2018;S;FDS
;07/10/2018;D;FDS
18/19;08/10/2018;L;
18/19;09/10/2018;M;
18/19;10/10/2018;X;
18/19;11/10/2018;J;
;12/10/2018;V;FEST
;13/10/2018;S;FDS
;14/10/2018;D;FDS
18/19;15/10/2018;L;
18/19;16/10/2018;M;
18/19;17/10/2018;X;
18/19;18/10/2018;J;
18/19;19/10/2018;V;
;20/10/2018;S;FDS
;21/10/2018;D;FDS
18/19;22/10/2018;L;
18/19;23/10/2018;M;
18/19;24/10/2018;X;
18/19;25/10/2018;J;
18/19;26/10/2018;V;
;27/10/2018;S;FDS
;28/10/2018;D;FDS
18/19;29/10/2018;L;
18/19;30/10/2018;M;
18/19;31/10/2018;X;
;01/11/2018;J;FEST
;02/11/2018;V;NL
;03/11/2018;S;FDS
;04/11/2018;D;FDS
18/19;05/11/2018;L;
18/19;06/11/2018;M;
18/19;07/11/2018;X;
;08/11/2018;J;SD
18/19;09/11/2018;V;
;10/11/2018;S;FDS
;11/11/2018;D;FDS
18/19;12/11/2018;L;
18/19;13/11/2018;M;
18/19;14/11/2018;X;
18/19;15/11/2018;J;
18/19;16/11/2018;V;
;17/11/2018;S;FDS
;18/11/2018;D;FDS
18/19;19/11/2018;L;
18/19;20/11/2018;M;
18/19;21/11/2018;X;
18/19;22/11/2018;J;
18/19;23/11/2018;V;
;24/11/2018;S;FDS
;25/11/2018;D;FDS
18/19;26/11/2018;L;
18/19;27/11/2018;M;
18/19;28/11/2018;X;
18/19;29/11/2018;J;
18/19;30/11/2018;V;
;01/12/2018;S;FDS
;02/12/2018;D;FDS
18/19;03/12/2018;L;
18/19;04/12/2018;M;
18/19;05/12/2018;X;
;06/12/2018;J;FEST
;07/12/2018;V;NL
;08/12/2018;S;FDS
;09/12/2018;D;FDS
18/19;10/12/2018;L;
18/19;11/12/2018;M;
18/19;12/12/2018;X;
18/19;13/12/2018;J;
18/19;14/12/2018;V;
;15/12/2018;S;FDS
;16/12/2018;D;FDS
18/19;17/12/2018;L;
18/19;18/12/2018;M;
18/19;19/12/2018;X;
18/19;20/12/2018;J;
18/19;21/12/2018;V;VISP VAC
;22/12/2018;S;FDS
;23/12/2018;D;FDS
;24/12/2018;L;VAC
;25/12/2018;M;VAC
;26/12/2018;X;VAC
;27/12/2018;J;VAC
;28/12/2018;V;VAC
;29/12/2018;S;FDS
;30/12/2018;D;FDS
;31/12/2018;L;VAC
;01/01/2019;M;VAC
;02/01/2019;X;VAC
;03/01/2019;J;VAC
;04/01/2019;V;VAC
;05/01/2019;S;FDS
;06/01/2019;D;FDS
;07/01/2019;L;VAC
18/19;08/01/2019;M;VUELTA VAC
18/19;09/01/2019;X;
18/19;10/01/2019;J;
18/19;11/01/2019;V;
;12/01/2019;S;FDS
;13/01/2019;D;FDS
18/19;14/01/2019;L;
18/19;15/01/2019;M;
18/19;16/01/2019;X;
18/19;17/01/2019;J;
18/19;18/01/2019;V;
;19/01/2019;S;FDS
;20/01/2019;D;FDS
18/19;21/01/2019;L;
18/19;22/01/2019;M;
18/19;23/01/2019;X;
18/19;24/01/2019;J;
18/19;25/01/2019;V;
;26/01/2019;S;FDS
;27/01/2019;D;FDS
18/19;28/01/2019;L;
18/19;29/01/2019;M;
18/19;30/01/2019;X;
18/19;31/01/2019;J;
18/19;01/02/2019;V;
;02/02/2019;S;FDS
;03/02/2019;D;FDS
18/19;04/02/2019;L;
18/19;05/02/2019;M;
18/19;06/02/2019;X;
18/19;07/02/2019;J;
18/19;08/02/2019;V;
;09/02/2019;S;FDS
;10/02/2019;D;FDS
18/19;11/02/2019;L;
18/19;12/02/2019;M;
18/19;13/02/2019;X;
18/19;14/02/2019;J;
18/19;15/02/2019;V;
;16/02/2019;S;FDS
;17/02/2019;D;FDS
18/19;18/02/2019;L;
18/19;19/02/2019;M;
18/19;20/02/2019;X;
18/19;21/02/2019;J;
18/19;22/02/2019;V;
;23/02/2019;S;FDS
;24/02/2019;D;FDS
18/19;25/02/2019;L;
18/19;26/02/2019;M;
18/19;27/02/2019;X;
18/19;28/02/2019;J;
;01/03/2019;V;NL
;02/03/2019;S;FDS
;03/03/2019;D;FDS
;04/03/2019;L;NL
18/19;05/03/2019;M;
18/19;06/03/2019;X;
18/19;07/03/2019;J;
18/19;08/03/2019;V;
;09/03/2019;S;FDS
;10/03/2019;D;FDS
18/19;11/03/2019;L;
18/19;12/03/2019;M;
18/19;13/03/2019;X;
18/19;14/03/2019;J;
18/19;15/03/2019;V;
;16/03/2019;S;FDS
;17/03/2019;D;FDS
18/19;18/03/2019;L;
18/19;19/03/2019;M;
18/19;20/03/2019;X;
18/19;21/03/2019;J;
18/19;22/03/2019;V;
;23/03/2019;S;FDS
;24/03/2019;D;FDS
18/19;25/03/2019;L;
18/19;26/03/2019;M;
18/19;27/03/2019;X;
18/19;28/03/2019;J;
18/19;29/03/2019;V;
;30/03/2019;S;FDS
;31/03/2019;D;FDS
18/19;01/04/2019;L;
18/19;02/04/2019;M;
18/19;03/04/2019;X;
18/19;04/04/2019;J;
;05/04/2019;V;SD
;06/04/2019;S;FDS
;07/04/2019;D;FDS
18/19;08/04/2019;L;
18/19;09/04/2019;M;
18/19;10/04/2019;X;
18/19;11/04/2019;J;VISP VAC
;12/04/2019;V;VAC
;13/04/2019;S;FDS
;14/04/2019;D;FDS
;15/04/2019;L;VAC
;16/04/2019;M;VAC
;17/04/2019;X;VAC
;18/04/2019;J;VAC
;19/04/2019;V;VAC
;20/04/2019;S;FDS
;21/04/2019;D;FDS
;22/04/2019;L;VAC
18/19;23/04/2019;M;VUELTA VAC
18/19;24/04/2019;X;
18/19;25/04/2019;J;
18/19;26/04/2019;V;
;27/04/2019;S;FDS
;28/04/2019;D;FDS
18/19;29/04/2019;L;
18/19;30/04/2019;M;
;01/05/2019;X;FEST
;02/05/2019;J;FEST
;03/05/2019;V;NL
;04/05/2019;S;FDS
;05/05/2019;D;FDS
18/19;06/05/2019;L;
18/19;07/05/2019;M;
18/19;08/05/2019;X;
;09/05/2019;J;SD
18/19;10/05/2019;V;
;11/05/2019;S;FDS
;12/05/2019;D;FDS
18/19;13/05/2019;L;
18/19;14/05/2019;M;
18/19;15/05/2019;X;
18/19;16/05/2019;J;
18/19;17/05/2019;V;
;18/05/2019;S;FDS
;19/05/2019;D;FDS
18/19;20/05/2019;L;
;21/05/2019;M;SD
18/19;22/05/2019;X;
18/19;23/05/2019;J;
18/19;24/05/2019;V;
;25/05/2019;S;FDS
;26/05/2019;D;FDS
18/19;27/05/2019;L;
18/19;28/05/2019;M;
18/19;29/05/2019;X;
18/19;30/05/2019;J;
18/19;31/05/2019;V;
;01/06/2019;S;FDS
;02/06/2019;D;FDS
;03/06/2019;L;SD
;04/06/2019;M;SD
;05/06/2019;X;SD
;06/06/2019;J;SD
;07/06/2019;V;SD
;08/06/2019;S;FDS
;09/06/2019;D;FDS
;10/06/2019;L;SD
18/19;11/06/2019;M;
18/19;12/06/2019;X;
18/19;13/06/2019;J;
18/19;14/06/2019;V;
;15/06/2019;S;FDS
;16/06/2019;D;FDS
18/19;17/06/2019;L;
18/19;18/06/2019;M;
18/19;19/06/2019;X;
18/19;20/06/2019;J;
18/19;21/06/2019;V;VISP VAC
;22/06/2019;S;FDS
;23/06/2019;D;FDS
;24/06/2019;L;VAC
;25/06/2019;M;VAC
;26/06/2019;X;VAC
;27/06/2019;J;VAC
;28/06/2019;V;VAC
;29/06/2019;S;FDS
;30/06/2019;D;FDS
;01/07/2019;L;
;02/07/2019;M;
;03/07/2019;X;
;04/07/2019;J;
;05/07/2019;V;
;06/07/2019;S;FDS
;07/07/2019;D;FDS
;08/07/2019;L;
;09/07/2019;M;
;10/07/2019;X;
;11/07/2019;J;
;12/07/2019;V;
;13/07/2019;S;FDS
;14/07/2019;D;FDS
;15/07/2019;L;
;16/07/2019;M;
;17/07/2019;X;
;18/07/2019;J;
;19/07/2019;V;
;20/07/2019;S;FDS
;21/07/2019;D;FDS
;22/07/2019;L;
;23/07/2019;M;
;24/07/2019;X;
;25/07/2019;J;
;26/07/2019;V;
;27/07/2019;S;FDS
;28/07/2019;D;FDS
;29/07/2019;L;
;30/07/2019;M;
;31/07/2019;X;
;01/08/2019;J;
;02/08/2019;V;
;03/08/2019;S;FDS
;04/08/2019;D;FDS
;05/08/2019;L;
;06/08/2019;M;
;07/08/2019;X;
;08/08/2019;J;
;09/08/2019;V;
;10/08/2019;S;FDS
;11/08/2019;D;FDS
;12/08/2019;L;
;13/08/2019;M;
;14/08/2019;X;
;15/08/2019;J;
;16/08/2019;V;
;17/08/2019;S;FDS
;18/08/2019;D;FDS
;19/08/2019;L;
;20/08/2019;M;
;21/08/2019;X;
;22/08/2019;J;
;23/08/2019;V;
;24/08/2019;S;FDS
;25/08/2019;D;FDS
;26/08/2019;L;
;27/08/2019;M;
;28/08/2019;X;
;29/08/2019;J;
;30/08/2019;V;
;31/08/2019;S;FDS
;01/09/2019;D;FDS
;02/09/2019;L;VAC
;03/09/2019;M;VAC
;04/09/2019;X;VAC
;05/09/2019;J;VAC
;06/09/2019;V;VAC
;07/09/2019;S;FDS
;08/09/2019;D;FDS
;09/09/2019;L;VAC
19/20;10/09/2019;M;VUELTA VAC
19/20;11/09/2019;X;
19/20;12/09/2019;J;
19/20;13/09/2019;V;
;14/09/2019;S;FDS
;15/09/2019;D;FDS
19/20;16/09/2019;L;
19/20;17/09/2019;M;
19/20;18/09/2019;X;
19/20;19/09/2019;J;
19/20;20/09/2019;V;
;21/09/2019;S;FDS
;22/09/2019;D;FDS
19/20;23/09/2019;L;
19/20;24/09/2019;M;
19/20;25/09/2019;X;
19/20;26/09/2019;J;
19/20;27/09/2019;V;
;28/09/2019;S;FDS
;29/09/2019;D;FDS
;30/09/2019;L;SD
;01/10/2019;M;SD
;02/10/2019;X;SD
19/20;03/10/2019;J;SD
19/20;04/10/2019;V;
;05/10/2019;S;FDS
;06/10/2019;D;FDS
19/20;07/10/2019;L;
19/20;08/10/2019;M;
19/20;09/10/2019;X;
19/20;10/10/2019;J;
19/20;11/10/2019;V;
;12/10/2019;S;FDS
;13/10/2019;D;FDS
19/20;14/10/2019;L;
19/20;15/10/2019;M;
19/20;16/10/2019;X;
19/20;17/10/2019;J;
19/20;18/10/2019;V;
;19/10/2019;S;FDS
;20/10/2019;D;FDS
19/20;21/10/2019;L;
19/20;22/10/2019;M;
19/20;23/10/2019;X;
19/20;24/10/2019;J;
19/20;25/10/2019;V;
;26/10/2019;S;FDS
;27/10/2019;D;FDS
19/20;28/10/2019;L;
19/20;29/10/2019;M;
;30/10/2019;X;SD
;31/10/2019;J;NL
;01/11/2019;V;FEST
;02/11/2019;S;FDS
;03/11/2019;D;FDS
19/20;04/11/2019;L;
19/20;05/11/2019;M;
19/20;06/11/2019;X;
19/20;07/11/2019;J;
19/20;08/11/2019;V;
;09/11/2019;S;FDS
;10/11/2019;D;FDS
19/20;11/11/2019;L;
19/20;12/11/2019;M;
19/20;13/11/2019;X;
;14/11/2019;J;SD
19/20;15/11/2019;V;
;16/11/2019;S;FDS
;17/11/2019;D;FDS
19/20;18/11/2019;L;
19/20;19/11/2019;M;
19/20;20/11/2019;X;
19/20;21/11/2019;J;
19/20;22/11/2019;V;
;23/11/2019;S;FDS
;24/11/2019;D;FDS
19/20;25/11/2019;L;
19/20;26/11/2019;M;
19/20;27/11/2019;X;
19/20;28/11/2019;J;
19/20;29/11/2019;V;
;30/11/2019;S;FDS
;01/12/2019;D;FDS
19/20;02/12/2019;L;
19/20;03/12/2019;M;
19/20;04/12/2019;X;
19/20;05/12/2019;J;
;06/12/2019;V;FEST
;07/12/2019;S;FDS
;08/12/2019;D;FDS
;09/12/2019;L;NL
19/20;10/12/2019;M;
19/20;11/12/2019;X;
19/20;12/12/2019;J;
19/20;13/12/2019;V;
;14/12/2019;S;FDS
;15/12/2019;D;FDS
19/20;16/12/2019;L;
19/20;17/12/2019;M;
19/20;18/12/2019;X;
19/20;19/12/2019;J;
19/20;20/12/2019;V;VISP VAC
;21/12/2019;S;FDS
;22/12/2019;D;FDS
;23/12/2019;L;VAC
;24/12/2019;M;VAC
;25/12/2019;X;VAC
;26/12/2019;J;VAC
;27/12/2019;V;VAC
;28/12/2019;S;FDS
;29/12/2019;D;FDS
;30/12/2019;L;
;31/12/2019;M;
;01/01/2020;X;
;02/01/2020;J;
;03/01/2020;V;
19/20;04/01/2020;S;FDS
;05/01/2020;D;FDS
;06/01/2020;L;VAC
;07/01/2020;M;VAC
19/20;08/01/2020;X;VUELTA VAC
19/20;09/01/2020;J;
19/20;10/01/2020;V;
;11/01/2020;S;FDS
;12/01/2020;D;FDS
19/20;13/01/2020;L;
19/20;14/01/2020;M;
19/20;15/01/2020;X;
19/20;16/01/2020;J;
19/20;17/01/2020;V;
;18/01/2020;S;FDS
;19/01/2020;D;FDS
19/20;20/01/2020;L;
19/20;21/01/2020;M;
19/20;22/01/2020;X;
19/20;23/01/2020;J;
19/20;24/01/2020;V;
;25/01/2020;S;FDS
;26/01/2020;D;FDS
19/20;27/01/2020;L;
19/20;28/01/2020;M;
19/20;29/01/2020;X;
19/20;30/01/2020;J;
19/20;31/01/2020;V;
;01/02/2020;S;FDS
;02/02/2020;D;FDS
19/20;03/02/2020;L;
19/20;04/02/2020;M;
19/20;05/02/2020;X;
19/20;06/02/2020;J;
19/20;07/02/2020;V;
;08/02/2020;S;FDS
;09/02/2020;D;FDS
19/20;10/02/2020;L;
19/20;11/02/2020;M;
19/20;12/02/2020;X;
19/20;13/02/2020;J;
19/20;14/02/2020;V;
;15/02/2020;S;FDS
;16/02/2020;D;FDS
19/20;17/02/2020;L;
19/20;18/02/2020;M;
19/20;19/02/2020;X;
19/20;20/02/2020;J;
19/20;21/02/2020;V;
;22/02/2020;S;FDS
;23/02/2020;D;FDS
19/20;24/02/2020;L;
19/20;25/02/2020;M;
19/20;26/02/2020;X;
19/20;27/02/2020;J;
;28/02/2020;V;NL
;29/02/2020;S;FDS
;01/03/2020;D;FDS
;02/03/2020;L;NL
19/20;03/03/2020;M;
19/20;04/03/2020;X;
19/20;05/03/2020;J;
19/20;06/03/2020;V;
;07/03/2020;S;FDS
;08/03/2020;D;FDS
19/20;09/03/2020;L;
19/20;10/03/2020;M;SD
19/20;11/03/2020;X;SD
19/20;12/03/2020;J;SD
19/20;13/03/2020;V;SD
;14/03/2020;S;FDS
;15/03/2020;D;FDS
;16/03/2020;L;
;17/03/2020;M;
;18/03/2020;X;
;19/03/2020;J;
;20/03/2020;V;
;21/03/2020;S;FDS
;22/03/2020;D;FDS
;23/03/2020;L;
;24/03/2020;M;
;25/03/2020;X;
;26/03/2020;J;
;27/03/2020;V;
;28/03/2020;S;FDS
;29/03/2020;D;FDS
;30/03/2020;L;
;31/03/2020;M;
;01/04/2020;X;
;02/04/2020;J;
;03/04/2020;V;
;04/04/2020;S;FDS
;05/04/2020;D;FDS
;06/04/2020;L;
;07/04/2020;M;
;08/04/2020;X;
;09/04/2020;J;
;10/04/2020;V;
;11/04/2020;S;FDS
;12/04/2020;D;FDS
;13/04/2020;L;
;14/04/2020;M;
;15/04/2020;X;
;16/04/2020;J;
;17/04/2020;V;
;18/04/2020;S;FDS
;19/04/2020;D;FDS
;20/04/2020;L;
;21/04/2020;M;
;22/04/2020;X;
;23/04/2020;J;
;24/04/2020;V;
;25/04/2020;S;FDS
;26/04/2020;D;FDS
;27/04/2020;L;
;28/04/2020;M;
;29/04/2020;X;
;30/04/2020;J;
;01/05/2020;V;
;02/05/2020;S;FDS
;03/05/2020;D;FDS
;04/05/2020;L;
;05/05/2020;M;
;06/05/2020;X;
;07/05/2020;J;
;08/05/2020;V;
;09/05/2020;S;FDS
;10/05/2020;D;FDS
;11/05/2020;L;
;12/05/2020;M;
;13/05/2020;X;
;14/05/2020;J;
;15/05/2020;V;
;16/05/2020;S;FDS
;17/05/2020;D;FDS
;18/05/2020;L;
;19/05/2020;M;
;20/05/2020;X;
;21/05/2020;J;
;22/05/2020;V;
;23/05/2020;S;FDS
;24/05/2020;D;FDS
;25/05/2020;L;
;26/05/2020;M;
;27/05/2020;X;
;28/05/2020;J;
;29/05/2020;V;
;30/05/2020;S;FDS
;31/05/2020;D;FDS
;01/06/2020;L;
;02/06/2020;M;
;03/06/2020;X;
;04/06/2020;J;
;05/06/2020;V;
;06/06/2020;S;FDS
;07/06/2020;D;FDS
;08/06/2020;L;
;09/06/2020;M;
;10/06/2020;X;
;11/06/2020;J;
;12/06/2020;V;
;13/06/2020;S;FDS
;14/06/2020;D;FDS
;15/06/2020;L;
;16/06/2020;M;
;17/06/2020;X;
;18/06/2020;J;
;19/06/2020;V;
;20/06/2020;S;FDS
;21/06/2020;D;FDS
;22/06/2020;L;
;23/06/2020;M;
;24/06/2020;X;
;25/06/2020;J;
;26/06/2020;V;
;27/06/2020;S;FDS
;28/06/2020;D;FDS
;29/06/2020;L;
;30/06/2020;M;
;01/07/2020;X;
;02/07/2020;J;
;03/07/2020;V;
;04/07/2020;S;FDS
;05/07/2020;D;FDS
;06/07/2020;L;
;07/07/2020;M;
;08/07/2020;X;
;09/07/2020;J;
;10/07/2020;V;
;11/07/2020;S;FDS
;12/07/2020;D;FDS
;13/07/2020;L;
;14/07/2020;M;
;15/07/2020;X;
;16/07/2020;J;
;17/07/2020;V;
;18/07/2020;S;FDS
;19/07/2020;D;FDS
;20/07/2020;L;
;21/07/2020;M;
;22/07/2020;X;
;23/07/2020;J;
;24/07/2020;V;
;25/07/2020;S;FDS
;26/07/2020;D;FDS
;27/07/2020;L;
;28/07/2020;M;
;29/07/2020;X;
;30/07/2020;J;
;31/07/2020;V;
;01/08/2020;S;FDS
;02/08/2020;D;FDS
;03/08/2020;L;
;04/08/2020;M;
;05/08/2020;X;
;06/08/2020;J;
;07/08/2020;V;
;08/08/2020;S;FDS
;09/08/2020;D;FDS
;10/08/2020;L;
;11/08/2020;M;
;12/08/2020;X;
;13/08/2020;J;
;14/08/2020;V;
;15/08/2020;S;FDS
;16/08/2020;D;FDS
;17/08/2020;L;
;18/08/2020;M;
;19/08/2020;X;
;20/08/2020;J;
;21/08/2020;V;
;22/08/2020;S;FDS
;23/08/2020;D;FDS
;24/08/2020;L;
;25/08/2020;M;
;26/08/2020;X;
;27/08/2020;J;
;28/08/2020;V;
;29/08/2020;S;FDS
;30/08/2020;D;FDS
;31/08/2020;L;
;01/09/2020;M;
;02/09/2020;X;
;03/09/2020;J;
;04/09/2020;V;
;05/09/2020;S;FDS
;06/09/2020;D;FDS
;07/09/2020;L;
;08/09/2020;M;
;09/09/2020;X;
;10/09/2020;J;
;11/09/2020;V;
;12/09/2020;S;FDS
;13/09/2020;D;FDS
;14/09/2020;L;
;15/09/2020;M;
;16/09/2020;X;
;17/09/2020;J;
;18/09/2020;V;
;19/09/2020;S;FDS
;20/09/2020;D;FDS
;21/09/2020;L;
